ID_Fecha,Fecha,Año,Mes,Día,Semana
1,2023-01-01,2023,1,1,52
2,2023-01-02,2023,1,2,1
3,2023-01-03,2023,1,3,1
4,2023-01-04,2023,1,4,1
5,2023-01-05,2023,1,5,1
6,2023-01-06,2023,1,6,1
7,2023-01-07,2023,1,7,1
8,2023-01-08,2023,1,8,1
9,2023-01-09,2023,1,9,2
10,2023-01-10,2023,1,10,2
11,2023-01-11,2023,1,11,2
12,2023-01-12,2023,1,12,2
13,2023-01-13,2023,1,13,2
14,2023-01-14,2023,1,14,2
15,2023-01-15,2023,1,15,2
16,2023-01-16,2023,1,16,3
17,2023-01-17,2023,1,17,3
18,2023-01-18,2023,1,18,3
19,2023-01-19,2023,1,19,3
20,2023-01-20,2023,1,20,3
21,2023-01-21,2023,1,21,3
22,2023-01-22,2023,1,22,3
23,2023-01-23,2023,1,23,4
24,2023-01-24,2023,1,24,4
25,2023-01-25,2023,1,25,4
26,2023-01-26,2023,1,26,4
27,2023-01-27,2023,1,27,4
28,2023-01-28,2023,1,28,4
29,2023-01-29,2023,1,29,4
30,2023-01-30,2023,1,30,5
31,2023-01-31,2023,1,31,5
32,2023-02-01,2023,2,1,5
33,2023-02-02,2023,2,2,5
34,2023-02-03,2023,2,3,5
35,2023-02-04,2023,2,4,5
36,2023-02-05,2023,2,5,5
37,2023-02-06,2023,2,6,6
38,2023-02-07,2023,2,7,6
39,2023-02-08,2023,2,8,6
40,2023-02-09,2023,2,9,6
41,2023-02-10,2023,2,10,6
42,2023-02-11,2023,2,11,6
43,2023-02-12,2023,2,12,6
44,2023-02-13,2023,2,13,7
45,2023-02-14,2023,2,14,7
46,2023-02-15,2023,2,15,7
47,2023-02-16,2023,2,16,7
48,2023-02-17,2023,2,17,7
49,2023-02-18,2023,2,18,7
50,2023-02-19,2023,2,19,7
51,2023-02-20,2023,2,20,8
52,2023-02-21,2023,2,21,8
53,2023-02-22,2023,2,22,8
54,2023-02-23,2023,2,23,8
55,2023-02-24,2023,2,24,8
56,2023-02-25,2023,2,25,8
57,2023-02-26,2023,2,26,8
58,2023-02-27,2023,2,27,9
59,2023-02-28,2023,2,28,9
60,2023-03-01,2023,3,1,9
61,2023-03-02,2023,3,2,9
62,2023-03-03,2023,3,3,9
63,2023-03-04,2023,3,4,9
64,2023-03-05,2023,3,5,9
65,2023-03-06,2023,3,6,10
66,2023-03-07,2023,3,7,10
67,2023-03-08,2023,3,8,10
68,2023-03-09,2023,3,9,10
69,2023-03-10,2023,3,10,10
70,2023-03-11,2023,3,11,10
71,2023-03-12,2023,3,12,10
72,2023-03-13,2023,3,13,11
73,2023-03-14,2023,3,14,11
74,2023-03-15,2023,3,15,11
75,2023-03-16,2023,3,16,11
76,2023-03-17,2023,3,17,11
77,2023-03-18,2023,3,18,11
78,2023-03-19,2023,3,19,11
79,2023-03-20,2023,3,20,12
80,2023-03-21,2023,3,21,12
81,2023-03-22,2023,3,22,12
82,2023-03-23,2023,3,23,12
83,2023-03-24,2023,3,24,12
84,2023-03-25,2023,3,25,12
85,2023-03-26,2023,3,26,12
86,2023-03-27,2023,3,27,13
87,2023-03-28,2023,3,28,13
88,2023-03-29,2023,3,29,13
89,2023-03-30,2023,3,30,13
90,2023-03-31,2023,3,31,13
91,2023-04-01,2023,4,1,13
92,2023-04-02,2023,4,2,13
93,2023-04-03,2023,4,3,14
94,2023-04-04,2023,4,4,14
95,2023-04-05,2023,4,5,14
96,2023-04-06,2023,4,6,14
97,2023-04-07,2023,4,7,14
98,2023-04-08,2023,4,8,14
99,2023-04-09,2023,4,9,14
100,2023-04-10,2023,4,10,15
101,2023-04-11,2023,4,11,15
102,2023-04-12,2023,4,12,15
103,2023-04-13,2023,4,13,15
104,2023-04-14,2023,4,14,15
105,2023-04-15,2023,4,15,15
106,2023-04-16,2023,4,16,15
107,2023-04-17,2023,4,17,16
108,2023-04-18,2023,4,18,16
109,2023-04-19,2023,4,19,16
110,2023-04-20,2023,4,20,16
111,2023-04-21,2023,4,21,16
112,2023-04-22,2023,4,22,16
113,2023-04-23,2023,4,23,16
114,2023-04-24,2023,4,24,17
115,2023-04-25,2023,4,25,17
116,2023-04-26,2023,4,26,17
117,2023-04-27,2023,4,27,17
118,2023-04-28,2023,4,28,17
119,2023-04-29,2023,4,29,17
120,2023-04-30,2023,4,30,17
121,2023-05-01,2023,5,1,18
122,2023-05-02,2023,5,2,18
123,2023-05-03,2023,5,3,18
124,2023-05-04,2023,5,4,18
125,2023-05-05,2023,5,5,18
126,2023-05-06,2023,5,6,18
127,2023-05-07,2023,5,7,18
128,2023-05-08,2023,5,8,19
129,2023-05-09,2023,5,9,19
130,2023-05-10,2023,5,10,19
131,2023-05-11,2023,5,11,19
132,2023-05-12,2023,5,12,19
133,2023-05-13,2023,5,13,19
134,2023-05-14,2023,5,14,19
135,2023-05-15,2023,5,15,20
136,2023-05-16,2023,5,16,20
137,2023-05-17,2023,5,17,20
138,2023-05-18,2023,5,18,20
139,2023-05-19,2023,5,19,20
140,2023-05-20,2023,5,20,20
141,2023-05-21,2023,5,21,20
142,2023-05-22,2023,5,22,21
143,2023-05-23,2023,5,23,21
144,2023-05-24,2023,5,24,21
145,2023-05-25,2023,5,25,21
146,2023-05-26,2023,5,26,21
147,2023-05-27,2023,5,27,21
148,2023-05-28,2023,5,28,21
149,2023-05-29,2023,5,29,22
150,2023-05-30,2023,5,30,22
151,2023-05-31,2023,5,31,22
152,2023-06-01,2023,6,1,22
153,2023-06-02,2023,6,2,22
154,2023-06-03,2023,6,3,22
155,2023-06-04,2023,6,4,22
156,2023-06-05,2023,6,5,23
157,2023-06-06,2023,6,6,23
158,2023-06-07,2023,6,7,23
159,2023-06-08,2023,6,8,23
160,2023-06-09,2023,6,9,23
161,2023-06-10,2023,6,10,23
162,2023-06-11,2023,6,11,23
163,2023-06-12,2023,6,12,24
164,2023-06-13,2023,6,13,24
165,2023-06-14,2023,6,14,24
166,2023-06-15,2023,6,15,24
167,2023-06-16,2023,6,16,24
168,2023-06-17,2023,6,17,24
169,2023-06-18,2023,6,18,24
170,2023-06-19,2023,6,19,25
171,2023-06-20,2023,6,20,25
172,2023-06-21,2023,6,21,25
173,2023-06-22,2023,6,22,25
174,2023-06-23,2023,6,23,25
175,2023-06-24,2023,6,24,25
176,2023-06-25,2023,6,25,25
177,2023-06-26,2023,6,26,26
178,2023-06-27,2023,6,27,26
179,2023-06-28,2023,6,28,26
180,2023-06-29,2023,6,29,26
181,2023-06-30,2023,6,30,26
182,2023-07-01,2023,7,1,26
183,2023-07-02,2023,7,2,26
184,2023-07-03,2023,7,3,27
185,2023-07-04,2023,7,4,27
186,2023-07-05,2023,7,5,27
187,2023-07-06,2023,7,6,27
188,2023-07-07,2023,7,7,27
189,2023-07-08,2023,7,8,27
190,2023-07-09,2023,7,9,27
191,2023-07-10,2023,7,10,28
192,2023-07-11,2023,7,11,28
193,2023-07-12,2023,7,12,28
194,2023-07-13,2023,7,13,28
195,2023-07-14,2023,7,14,28
196,2023-07-15,2023,7,15,28
197,2023-07-16,2023,7,16,28
198,2023-07-17,2023,7,17,29
199,2023-07-18,2023,7,18,29
200,2023-07-19,2023,7,19,29
201,2023-07-20,2023,7,20,29
202,2023-07-21,2023,7,21,29
203,2023-07-22,2023,7,22,29
204,2023-07-23,2023,7,23,29
205,2023-07-24,2023,7,24,30
206,2023-07-25,2023,7,25,30
207,2023-07-26,2023,7,26,30
208,2023-07-27,2023,7,27,30
209,2023-07-28,2023,7,28,30
210,2023-07-29,2023,7,29,30
211,2023-07-30,2023,7,30,30
212,2023-07-31,2023,7,31,31
213,2023-08-01,2023,8,1,31
214,2023-08-02,2023,8,2,31
215,2023-08-03,2023,8,3,31
216,2023-08-04,2023,8,4,31
217,2023-08-05,2023,8,5,31
218,2023-08-06,2023,8,6,31
219,2023-08-07,2023,8,7,32
220,2023-08-08,2023,8,8,32
221,2023-08-09,2023,8,9,32
222,2023-08-10,2023,8,10,32
223,2023-08-11,2023,8,11,32
224,2023-08-12,2023,8,12,32
225,2023-08-13,2023,8,13,32
226,2023-08-14,2023,8,14,33
227,2023-08-15,2023,8,15,33
228,2023-08-16,2023,8,16,33
229,2023-08-17,2023,8,17,33
230,2023-08-18,2023,8,18,33
231,2023-08-19,2023,8,19,33
232,2023-08-20,2023,8,20,33
233,2023-08-21,2023,8,21,34
234,2023-08-22,2023,8,22,34
235,2023-08-23,2023,8,23,34
236,2023-08-24,2023,8,24,34
237,2023-08-25,2023,8,25,34
238,2023-08-26,2023,8,26,34
239,2023-08-27,2023,8,27,34
240,2023-08-28,2023,8,28,35
241,2023-08-29,2023,8,29,35
242,2023-08-30,2023,8,30,35
243,2023-08-31,2023,8,31,35
244,2023-09-01,2023,9,1,35
245,2023-09-02,2023,9,2,35
246,2023-09-03,2023,9,3,35
247,2023-09-04,2023,9,4,36
248,2023-09-05,2023,9,5,36
249,2023-09-06,2023,9,6,36
250,2023-09-07,2023,9,7,36
251,2023-09-08,2023,9,8,36
252,2023-09-09,2023,9,9,36
253,2023-09-10,2023,9,10,36
254,2023-09-11,2023,9,11,37
255,2023-09-12,2023,9,12,37
256,2023-09-13,2023,9,13,37
257,2023-09-14,2023,9,14,37
258,2023-09-15,2023,9,15,37
259,2023-09-16,2023,9,16,37
260,2023-09-17,2023,9,17,37
261,2023-09-18,2023,9,18,38
262,2023-09-19,2023,9,19,38
263,2023-09-20,2023,9,20,38
264,2023-09-21,2023,9,21,38
265,2023-09-22,2023,9,22,38
266,2023-09-23,2023,9,23,38
267,2023-09-24,2023,9,24,38
268,2023-09-25,2023,9,25,39
269,2023-09-26,2023,9,26,39
270,2023-09-27,2023,9,27,39
271,2023-09-28,2023,9,28,39
272,2023-09-29,2023,9,29,39
273,2023-09-30,2023,9,30,39
274,2023-10-01,2023,10,1,39
275,2023-10-02,2023,10,2,40
276,2023-10-03,2023,10,3,40
277,2023-10-04,2023,10,4,40
278,2023-10-05,2023,10,5,40
279,2023-10-06,2023,10,6,40
280,2023-10-07,2023,10,7,40
281,2023-10-08,2023,10,8,40
282,2023-10-09,2023,10,9,41
283,2023-10-10,2023,10,10,41
284,2023-10-11,2023,10,11,41
285,2023-10-12,2023,10,12,41
286,2023-10-13,2023,10,13,41
287,2023-10-14,2023,10,14,41
288,2023-10-15,2023,10,15,41
289,2023-10-16,2023,10,16,42
290,2023-10-17,2023,10,17,42
291,2023-10-18,2023,10,18,42
292,2023-10-19,2023,10,19,42
293,2023-10-20,2023,10,20,42
294,2023-10-21,2023,10,21,42
295,2023-10-22,2023,10,22,42
296,2023-10-23,2023,10,23,43
297,2023-10-24,2023,10,24,43
298,2023-10-25,2023,10,25,43
299,2023-10-26,2023,10,26,43
300,2023-10-27,2023,10,27,43
301,2023-10-28,2023,10,28,43
302,2023-10-29,2023,10,29,43
303,2023-10-30,2023,10,30,44
304,2023-10-31,2023,10,31,44
305,2023-11-01,2023,11,1,44
306,2023-11-02,2023,11,2,44
307,2023-11-03,2023,11,3,44
308,2023-11-04,2023,11,4,44
309,2023-11-05,2023,11,5,44
310,2023-11-06,2023,11,6,45
311,2023-11-07,2023,11,7,45
312,2023-11-08,2023,11,8,45
313,2023-11-09,2023,11,9,45
314,2023-11-10,2023,11,10,45
315,2023-11-11,2023,11,11,45
316,2023-11-12,2023,11,12,45
317,2023-11-13,2023,11,13,46
318,2023-11-14,2023,11,14,46
319,2023-11-15,2023,11,15,46
320,2023-11-16,2023,11,16,46
321,2023-11-17,2023,11,17,46
322,2023-11-18,2023,11,18,46
323,2023-11-19,2023,11,19,46
324,2023-11-20,2023,11,20,47
325,2023-11-21,2023,11,21,47
326,2023-11-22,2023,11,22,47
327,2023-11-23,2023,11,23,47
328,2023-11-24,2023,11,24,47
329,2023-11-25,2023,11,25,47
330,2023-11-26,2023,11,26,47
331,2023-11-27,2023,11,27,48
332,2023-11-28,2023,11,28,48
333,2023-11-29,2023,11,29,48
334,2023-11-30,2023,11,30,48
335,2023-12-01,2023,12,1,48
336,2023-12-02,2023,12,2,48
337,2023-12-03,2023,12,3,48
338,2023-12-04,2023,12,4,49
339,2023-12-05,2023,12,5,49
340,2023-12-06,2023,12,6,49
341,2023-12-07,2023,12,7,49
342,2023-12-08,2023,12,8,49
343,2023-12-09,2023,12,9,49
344,2023-12-10,2023,12,10,49
345,2023-12-11,2023,12,11,50
346,2023-12-12,2023,12,12,50
347,2023-12-13,2023,12,13,50
348,2023-12-14,2023,12,14,50
349,2023-12-15,2023,12,15,50
350,2023-12-16,2023,12,16,50
351,2023-12-17,2023,12,17,50
352,2023-12-18,2023,12,18,51
353,2023-12-19,2023,12,19,51
354,2023-12-20,2023,12,20,51
355,2023-12-21,2023,12,21,51
356,2023-12-22,2023,12,22,51
357,2023-12-23,2023,12,23,51
358,2023-12-24,2023,12,24,51
359,2023-12-25,2023,12,25,52
360,2023-12-26,2023,12,26,52
361,2023-12-27,2023,12,27,52
362,2023-12-28,2023,12,28,52
363,2023-12-29,2023,12,29,52
364,2023-12-30,2023,12,30,52
365,2023-12-31,2023,12,31,52
366,2024-01-01,2024,1,1,1
367,2024-01-02,2024,1,2,1
368,2024-01-03,2024,1,3,1
369,2024-01-04,2024,1,4,1
370,2024-01-05,2024,1,5,1
371,2024-01-06,2024,1,6,1
372,2024-01-07,2024,1,7,1
373,2024-01-08,2024,1,8,2
374,2024-01-09,2024,1,9,2
375,2024-01-10,2024,1,10,2
376,2024-01-11,2024,1,11,2
377,2024-01-12,2024,1,12,2
378,2024-01-13,2024,1,13,2
379,2024-01-14,2024,1,14,2
380,2024-01-15,2024,1,15,3
381,2024-01-16,2024,1,16,3
382,2024-01-17,2024,1,17,3
383,2024-01-18,2024,1,18,3
384,2024-01-19,2024,1,19,3
385,2024-01-20,2024,1,20,3
386,2024-01-21,2024,1,21,3
387,2024-01-22,2024,1,22,4
388,2024-01-23,2024,1,23,4
389,2024-01-24,2024,1,24,4
390,2024-01-25,2024,1,25,4
391,2024-01-26,2024,1,26,4
392,2024-01-27,2024,1,27,4
393,2024-01-28,2024,1,28,4
394,2024-01-29,2024,1,29,5
395,2024-01-30,2024,1,30,5
396,2024-01-31,2024,1,31,5
397,2024-02-01,2024,2,1,5
398,2024-02-02,2024,2,2,5
399,2024-02-03,2024,2,3,5
400,2024-02-04,2024,2,4,5
401,2024-02-05,2024,2,5,6
402,2024-02-06,2024,2,6,6
403,2024-02-07,2024,2,7,6
404,2024-02-08,2024,2,8,6
405,2024-02-09,2024,2,9,6
406,2024-02-10,2024,2,10,6
407,2024-02-11,2024,2,11,6
408,2024-02-12,2024,2,12,7
409,2024-02-13,2024,2,13,7
410,2024-02-14,2024,2,14,7
411,2024-02-15,2024,2,15,7
412,2024-02-16,2024,2,16,7
413,2024-02-17,2024,2,17,7
414,2024-02-18,2024,2,18,7
415,2024-02-19,2024,2,19,8
416,2024-02-20,2024,2,20,8
417,2024-02-21,2024,2,21,8
418,2024-02-22,2024,2,22,8
419,2024-02-23,2024,2,23,8
420,2024-02-24,2024,2,24,8
421,2024-02-25,2024,2,25,8
422,2024-02-26,2024,2,26,9
423,2024-02-27,2024,2,27,9
424,2024-02-28,2024,2,28,9
425,2024-02-29,2024,2,29,9
426,2024-03-01,2024,3,1,9
427,2024-03-02,2024,3,2,9
428,2024-03-03,2024,3,3,9
429,2024-03-04,2024,3,4,10
430,2024-03-05,2024,3,5,10
431,2024-03-06,2024,3,6,10
432,2024-03-07,2024,3,7,10
433,2024-03-08,2024,3,8,10
434,2024-03-09,2024,3,9,10
435,2024-03-10,2024,3,10,10
436,2024-03-11,2024,3,11,11
437,2024-03-12,2024,3,12,11
438,2024-03-13,2024,3,13,11
439,2024-03-14,2024,3,14,11
440,2024-03-15,2024,3,15,11
441,2024-03-16,2024,3,16,11
442,2024-03-17,2024,3,17,11
443,2024-03-18,2024,3,18,12
444,2024-03-19,2024,3,19,12
445,2024-03-20,2024,3,20,12
446,2024-03-21,2024,3,21,12
447,2024-03-22,2024,3,22,12
448,2024-03-23,2024,3,23,12
449,2024-03-24,2024,3,24,12
450,2024-03-25,2024,3,25,13
451,2024-03-26,2024,3,26,13
452,2024-03-27,2024,3,27,13
453,2024-03-28,2024,3,28,13
454,2024-03-29,2024,3,29,13
455,2024-03-30,2024,3,30,13
456,2024-03-31,2024,3,31,13
457,2024-04-01,2024,4,1,14
458,2024-04-02,2024,4,2,14
459,2024-04-03,2024,4,3,14
460,2024-04-04,2024,4,4,14
461,2024-04-05,2024,4,5,14
462,2024-04-06,2024,4,6,14
463,2024-04-07,2024,4,7,14
464,2024-04-08,2024,4,8,15
465,2024-04-09,2024,4,9,15
466,2024-04-10,2024,4,10,15
467,2024-04-11,2024,4,11,15
468,2024-04-12,2024,4,12,15
469,2024-04-13,2024,4,13,15
470,2024-04-14,2024,4,14,15
471,2024-04-15,2024,4,15,16
472,2024-04-16,2024,4,16,16
473,2024-04-17,2024,4,17,16
474,2024-04-18,2024,4,18,16
475,2024-04-19,2024,4,19,16
476,2024-04-20,2024,4,20,16
477,2024-04-21,2024,4,21,16
478,2024-04-22,2024,4,22,17
479,2024-04-23,2024,4,23,17
480,2024-04-24,2024,4,24,17
481,2024-04-25,2024,4,25,17
482,2024-04-26,2024,4,26,17
483,2024-04-27,2024,4,27,17
484,2024-04-28,2024,4,28,17
485,2024-04-29,2024,4,29,18
486,2024-04-30,2024,4,30,18
487,2024-05-01,2024,5,1,18
488,2024-05-02,2024,5,2,18
489,2024-05-03,2024,5,3,18
490,2024-05-04,2024,5,4,18
491,2024-05-05,2024,5,5,18
492,2024-05-06,2024,5,6,19
493,2024-05-07,2024,5,7,19
494,2024-05-08,2024,5,8,19
495,2024-05-09,2024,5,9,19
496,2024-05-10,2024,5,10,19
497,2024-05-11,2024,5,11,19
498,2024-05-12,2024,5,12,19
499,2024-05-13,2024,5,13,20
500,2024-05-14,2024,5,14,20
501,2024-05-15,2024,5,15,20
502,2024-05-16,2024,5,16,20
503,2024-05-17,2024,5,17,20
504,2024-05-18,2024,5,18,20
505,2024-05-19,2024,5,19,20
506,2024-05-20,2024,5,20,21
507,2024-05-21,2024,5,21,21
508,2024-05-22,2024,5,22,21
509,2024-05-23,2024,5,23,21
510,2024-05-24,2024,5,24,21
511,2024-05-25,2024,5,25,21
512,2024-05-26,2024,5,26,21
513,2024-05-27,2024,5,27,22
514,2024-05-28,2024,5,28,22
515,2024-05-29,2024,5,29,22
516,2024-05-30,2024,5,30,22
517,2024-05-31,2024,5,31,22
518,2024-06-01,2024,6,1,22
519,2024-06-02,2024,6,2,22
520,2024-06-03,2024,6,3,23
521,2024-06-04,2024,6,4,23
522,2024-06-05,2024,6,5,23
523,2024-06-06,2024,6,6,23
524,2024-06-07,2024,6,7,23
525,2024-06-08,2024,6,8,23
526,2024-06-09,2024,6,9,23
527,2024-06-10,2024,6,10,24
528,2024-06-11,2024,6,11,24
529,2024-06-12,2024,6,12,24
530,2024-06-13,2024,6,13,24
531,2024-06-14,2024,6,14,24
532,2024-06-15,2024,6,15,24
533,2024-06-16,2024,6,16,24
534,2024-06-17,2024,6,17,25
535,2024-06-18,2024,6,18,25
536,2024-06-19,2024,6,19,25
537,2024-06-20,2024,6,20,25
538,2024-06-21,2024,6,21,25
539,2024-06-22,2024,6,22,25
540,2024-06-23,2024,6,23,25
541,2024-06-24,2024,6,24,26
542,2024-06-25,2024,6,25,26
543,2024-06-26,2024,6,26,26
544,2024-06-27,2024,6,27,26
545,2024-06-28,2024,6,28,26
546,2024-06-29,2024,6,29,26
547,2024-06-30,2024,6,30,26
548,2024-07-01,2024,7,1,27
549,2024-07-02,2024,7,2,27
550,2024-07-03,2024,7,3,27
551,2024-07-04,2024,7,4,27
552,2024-07-05,2024,7,5,27
553,2024-07-06,2024,7,6,27
554,2024-07-07,2024,7,7,27
555,2024-07-08,2024,7,8,28
556,2024-07-09,2024,7,9,28
557,2024-07-10,2024,7,10,28
558,2024-07-11,2024,7,11,28
559,2024-07-12,2024,7,12,28
560,2024-07-13,2024,7,13,28
561,2024-07-14,2024,7,14,28
562,2024-07-15,2024,7,15,29
563,2024-07-16,2024,7,16,29
564,2024-07-17,2024,7,17,29
565,2024-07-18,2024,7,18,29
566,2024-07-19,2024,7,19,29
567,2024-07-20,2024,7,20,29
568,2024-07-21,2024,7,21,29
569,2024-07-22,2024,7,22,30
570,2024-07-23,2024,7,23,30
571,2024-07-24,2024,7,24,30
572,2024-07-25,2024,7,25,30
573,2024-07-26,2024,7,26,30
574,2024-07-27,2024,7,27,30
575,2024-07-28,2024,7,28,30
576,2024-07-29,2024,7,29,31
577,2024-07-30,2024,7,30,31
578,2024-07-31,2024,7,31,31
579,2024-08-01,2024,8,1,31
580,2024-08-02,2024,8,2,31
581,2024-08-03,2024,8,3,31
582,2024-08-04,2024,8,4,31
583,2024-08-05,2024,8,5,32
584,2024-08-06,2024,8,6,32
585,2024-08-07,2024,8,7,32
586,2024-08-08,2024,8,8,32
587,2024-08-09,2024,8,9,32
588,2024-08-10,2024,8,10,32
589,2024-08-11,2024,8,11,32
590,2024-08-12,2024,8,12,33
591,2024-08-13,2024,8,13,33
592,2024-08-14,2024,8,14,33
593,2024-08-15,2024,8,15,33
594,2024-08-16,2024,8,16,33
595,2024-08-17,2024,8,17,33
596,2024-08-18,2024,8,18,33
597,2024-08-19,2024,8,19,34
598,2024-08-20,2024,8,20,34
599,2024-08-21,2024,8,21,34
600,2024-08-22,2024,8,22,34
601,2024-08-23,2024,8,23,34
602,2024-08-24,2024,8,24,34
603,2024-08-25,2024,8,25,34
604,2024-08-26,2024,8,26,35
605,2024-08-27,2024,8,27,35
606,2024-08-28,2024,8,28,35
607,2024-08-29,2024,8,29,35
608,2024-08-30,2024,8,30,35
609,2024-08-31,2024,8,31,35
610,2024-09-01,2024,9,1,35
611,2024-09-02,2024,9,2,36
612,2024-09-03,2024,9,3,36
613,2024-09-04,2024,9,4,36
614,2024-09-05,2024,9,5,36
615,2024-09-06,2024,9,6,36
616,2024-09-07,2024,9,7,36
617,2024-09-08,2024,9,8,36
618,2024-09-09,2024,9,9,37
619,2024-09-10,2024,9,10,37
620,2024-09-11,2024,9,11,37
621,2024-09-12,2024,9,12,37
622,2024-09-13,2024,9,13,37
623,2024-09-14,2024,9,14,37
624,2024-09-15,2024,9,15,37
625,2024-09-16,2024,9,16,38
626,2024-09-17,2024,9,17,38
627,2024-09-18,2024,9,18,38
628,2024-09-19,2024,9,19,38
629,2024-09-20,2024,9,20,38
630,2024-09-21,2024,9,21,38
631,2024-09-22,2024,9,22,38
632,2024-09-23,2024,9,23,39
633,2024-09-24,2024,9,24,39
634,2024-09-25,2024,9,25,39
635,2024-09-26,2024,9,26,39
636,2024-09-27,2024,9,27,39
637,2024-09-28,2024,9,28,39
638,2024-09-29,2024,9,29,39
639,2024-09-30,2024,9,30,40
640,2024-10-01,2024,10,1,40
641,2024-10-02,2024,10,2,40
642,2024-10-03,2024,10,3,40
643,2024-10-04,2024,10,4,40
644,2024-10-05,2024,10,5,40
645,2024-10-06,2024,10,6,40
646,2024-10-07,2024,10,7,41
647,2024-10-08,2024,10,8,41
648,2024-10-09,2024,10,9,41
649,2024-10-10,2024,10,10,41
650,2024-10-11,2024,10,11,41
651,2024-10-12,2024,10,12,41
652,2024-10-13,2024,10,13,41
653,2024-10-14,2024,10,14,42
654,2024-10-15,2024,10,15,42
655,2024-10-16,2024,10,16,42
656,2024-10-17,2024,10,17,42
657,2024-10-18,2024,10,18,42
658,2024-10-19,2024,10,19,42
659,2024-10-20,2024,10,20,42
660,2024-10-21,2024,10,21,43
661,2024-10-22,2024,10,22,43
662,2024-10-23,2024,10,23,43
663,2024-10-24,2024,10,24,43
664,2024-10-25,2024,10,25,43
665,2024-10-26,2024,10,26,43
666,2024-10-27,2024,10,27,43
667,2024-10-28,2024,10,28,44
668,2024-10-29,2024,10,29,44
669,2024-10-30,2024,10,30,44
670,2024-10-31,2024,10,31,44
671,2024-11-01,2024,11,1,44
672,2024-11-02,2024,11,2,44
673,2024-11-03,2024,11,3,44
674,2024-11-04,2024,11,4,45
675,2024-11-05,2024,11,5,45
676,2024-11-06,2024,11,6,45
677,2024-11-07,2024,11,7,45
678,2024-11-08,2024,11,8,45
679,2024-11-09,2024,11,9,45
680,2024-11-10,2024,11,10,45
681,2024-11-11,2024,11,11,46
682,2024-11-12,2024,11,12,46
683,2024-11-13,2024,11,13,46
684,2024-11-14,2024,11,14,46
685,2024-11-15,2024,11,15,46
686,2024-11-16,2024,11,16,46
687,2024-11-17,2024,11,17,46
688,2024-11-18,2024,11,18,47
689,2024-11-19,2024,11,19,47
690,2024-11-20,2024,11,20,47
691,2024-11-21,2024,11,21,47
692,2024-11-22,2024,11,22,47
693,2024-11-23,2024,11,23,47
694,2024-11-24,2024,11,24,47
695,2024-11-25,2024,11,25,48
696,2024-11-26,2024,11,26,48
697,2024-11-27,2024,11,27,48
698,2024-11-28,2024,11,28,48
699,2024-11-29,2024,11,29,48
700,2024-11-30,2024,11,30,48
701,2024-12-01,2024,12,1,48
702,2024-12-02,2024,12,2,49
703,2024-12-03,2024,12,3,49
704,2024-12-04,2024,12,4,49
705,2024-12-05,2024,12,5,49
706,2024-12-06,2024,12,6,49
707,2024-12-07,2024,12,7,49
708,2024-12-08,2024,12,8,49
709,2024-12-09,2024,12,9,50
710,2024-12-10,2024,12,10,50
711,2024-12-11,2024,12,11,50
712,2024-12-12,2024,12,12,50
713,2024-12-13,2024,12,13,50
714,2024-12-14,2024,12,14,50
715,2024-12-15,2024,12,15,50
716,2024-12-16,2024,12,16,51
717,2024-12-17,2024,12,17,51
718,2024-12-18,2024,12,18,51
719,2024-12-19,2024,12,19,51
720,2024-12-20,2024,12,20,51
721,2024-12-21,2024,12,21,51
722,2024-12-22,2024,12,22,51
723,2024-12-23,2024,12,23,52
724,2024-12-24,2024,12,24,52
725,2024-12-25,2024,12,25,52
726,2024-12-26,2024,12,26,52
727,2024-12-27,2024,12,27,52
728,2024-12-28,2024,12,28,52
729,2024-12-29,2024,12,29,52
730,2024-12-30,2024,12,30,1
731,2024-12-31,2024,12,31,1
732,2025-01-01,2025,1,1,1
733,2025-01-02,2025,1,2,1
734,2025-01-03,2025,1,3,1
735,2025-01-04,2025,1,4,1
736,2025-01-05,2025,1,5,1
737,2025-01-06,2025,1,6,2
738,2025-01-07,2025,1,7,2
739,2025-01-08,2025,1,8,2
740,2025-01-09,2025,1,9,2
741,2025-01-10,2025,1,10,2
742,2025-01-11,2025,1,11,2
743,2025-01-12,2025,1,12,2
744,2025-01-13,2025,1,13,3
745,2025-01-14,2025,1,14,3
746,2025-01-15,2025,1,15,3
747,2025-01-16,2025,1,16,3
748,2025-01-17,2025,1,17,3
749,2025-01-18,2025,1,18,3
750,2025-01-19,2025,1,19,3
751,2025-01-20,2025,1,20,4
752,2025-01-21,2025,1,21,4
753,2025-01-22,2025,1,22,4
754,2025-01-23,2025,1,23,4
755,2025-01-24,2025,1,24,4
756,2025-01-25,2025,1,25,4
757,2025-01-26,2025,1,26,4
758,2025-01-27,2025,1,27,5
759,2025-01-28,2025,1,28,5
760,2025-01-29,2025,1,29,5
761,2025-01-30,2025,1,30,5
762,2025-01-31,2025,1,31,5
763,2025-02-01,2025,2,1,5
764,2025-02-02,2025,2,2,5
765,2025-02-03,2025,2,3,6
766,2025-02-04,2025,2,4,6
767,2025-02-05,2025,2,5,6
768,2025-02-06,2025,2,6,6
769,2025-02-07,2025,2,7,6
770,2025-02-08,2025,2,8,6
771,2025-02-09,2025,2,9,6
772,2025-02-10,2025,2,10,7
773,2025-02-11,2025,2,11,7
774,2025-02-12,2025,2,12,7
775,2025-02-13,2025,2,13,7
776,2025-02-14,2025,2,14,7
777,2025-02-15,2025,2,15,7
778,2025-02-16,2025,2,16,7
779,2025-02-17,2025,2,17,8
780,2025-02-18,2025,2,18,8
781,2025-02-19,2025,2,19,8
782,2025-02-20,2025,2,20,8
783,2025-02-21,2025,2,21,8
784,2025-02-22,2025,2,22,8
785,2025-02-23,2025,2,23,8
786,2025-02-24,2025,2,24,9
787,2025-02-25,2025,2,25,9
788,2025-02-26,2025,2,26,9
789,2025-02-27,2025,2,27,9
790,2025-02-28,2025,2,28,9
791,2025-03-01,2025,3,1,9
792,2025-03-02,2025,3,2,9
793,2025-03-03,2025,3,3,10
794,2025-03-04,2025,3,4,10
795,2025-03-05,2025,3,5,10
796,2025-03-06,2025,3,6,10
797,2025-03-07,2025,3,7,10
798,2025-03-08,2025,3,8,10
799,2025-03-09,2025,3,9,10
800,2025-03-10,2025,3,10,11
801,2025-03-11,2025,3,11,11
802,2025-03-12,2025,3,12,11
803,2025-03-13,2025,3,13,11
804,2025-03-14,2025,3,14,11
805,2025-03-15,2025,3,15,11
806,2025-03-16,2025,3,16,11
807,2025-03-17,2025,3,17,12
808,2025-03-18,2025,3,18,12
809,2025-03-19,2025,3,19,12
810,2025-03-20,2025,3,20,12
811,2025-03-21,2025,3,21,12
812,2025-03-22,2025,3,22,12
813,2025-03-23,2025,3,23,12
814,2025-03-24,2025,3,24,13
815,2025-03-25,2025,3,25,13
816,2025-03-26,2025,3,26,13
817,2025-03-27,2025,3,27,13
818,2025-03-28,2025,3,28,13
819,2025-03-29,2025,3,29,13
820,2025-03-30,2025,3,30,13
821,2025-03-31,2025,3,31,14
822,2025-04-01,2025,4,1,14
823,2025-04-02,2025,4,2,14
824,2025-04-03,2025,4,3,14
825,2025-04-04,2025,4,4,14
826,2025-04-05,2025,4,5,14
827,2025-04-06,2025,4,6,14
828,2025-04-07,2025,4,7,15
829,2025-04-08,2025,4,8,15
830,2025-04-09,2025,4,9,15
831,2025-04-10,2025,4,10,15
832,2025-04-11,2025,4,11,15
833,2025-04-12,2025,4,12,15
834,2025-04-13,2025,4,13,15
835,2025-04-14,2025,4,14,16
836,2025-04-15,2025,4,15,16
837,2025-04-16,2025,4,16,16
838,2025-04-17,2025,4,17,16
839,2025-04-18,2025,4,18,16
840,2025-04-19,2025,4,19,16
841,2025-04-20,2025,4,20,16
842,2025-04-21,2025,4,21,17
843,2025-04-22,2025,4,22,17
844,2025-04-23,2025,4,23,17
845,2025-04-24,2025,4,24,17
846,2025-04-25,2025,4,25,17
847,2025-04-26,2025,4,26,17
848,2025-04-27,2025,4,27,17
849,2025-04-28,2025,4,28,18
850,2025-04-29,2025,4,29,18
851,2025-04-30,2025,4,30,18
852,2025-05-01,2025,5,1,18
853,2025-05-02,2025,5,2,18
854,2025-05-03,2025,5,3,18
855,2025-05-04,2025,5,4,18
856,2025-05-05,2025,5,5,19
857,2025-05-06,2025,5,6,19
858,2025-05-07,2025,5,7,19
859,2025-05-08,2025,5,8,19
860,2025-05-09,2025,5,9,19
861,2025-05-10,2025,5,10,19
862,2025-05-11,2025,5,11,19
863,2025-05-12,2025,5,12,20
864,2025-05-13,2025,5,13,20
865,2025-05-14,2025,5,14,20
866,2025-05-15,2025,5,15,20
867,2025-05-16,2025,5,16,20
868,2025-05-17,2025,5,17,20
869,2025-05-18,2025,5,18,20
870,2025-05-19,2025,5,19,21
871,2025-05-20,2025,5,20,21
872,2025-05-21,2025,5,21,21
873,2025-05-22,2025,5,22,21
874,2025-05-23,2025,5,23,21
875,2025-05-24,2025,5,24,21
876,2025-05-25,2025,5,25,21
877,2025-05-26,2025,5,26,22
878,2025-05-27,2025,5,27,22
879,2025-05-28,2025,5,28,22
880,2025-05-29,2025,5,29,22
881,2025-05-30,2025,5,30,22
882,2025-05-31,2025,5,31,22
883,2025-06-01,2025,6,1,22
884,2025-06-02,2025,6,2,23
885,2025-06-03,2025,6,3,23
886,2025-06-04,2025,6,4,23
887,2025-06-05,2025,6,5,23
888,2025-06-06,2025,6,6,23
889,2025-06-07,2025,6,7,23
890,2025-06-08,2025,6,8,23
891,2025-06-09,2025,6,9,24
892,2025-06-10,2025,6,10,24
893,2025-06-11,2025,6,11,24
894,2025-06-12,2025,6,12,24
895,2025-06-13,2025,6,13,24
896,2025-06-14,2025,6,14,24
897,2025-06-15,2025,6,15,24
898,2025-06-16,2025,6,16,25
899,2025-06-17,2025,6,17,25
900,2025-06-18,2025,6,18,25
901,2025-06-19,2025,6,19,25
902,2025-06-20,2025,6,20,25
903,2025-06-21,2025,6,21,25
904,2025-06-22,2025,6,22,25
905,2025-06-23,2025,6,23,26
906,2025-06-24,2025,6,24,26
907,2025-06-25,2025,6,25,26
908,2025-06-26,2025,6,26,26
909,2025-06-27,2025,6,27,26
910,2025-06-28,2025,6,28,26
911,2025-06-29,2025,6,29,26
912,2025-06-30,2025,6,30,27
913,2025-07-01,2025,7,1,27
914,2025-07-02,2025,7,2,27
915,2025-07-03,2025,7,3,27
916,2025-07-04,2025,7,4,27
917,2025-07-05,2025,7,5,27
918,2025-07-06,2025,7,6,27
919,2025-07-07,2025,7,7,28
920,2025-07-08,2025,7,8,28
921,2025-07-09,2025,7,9,28
922,2025-07-10,2025,7,10,28
923,2025-07-11,2025,7,11,28
924,2025-07-12,2025,7,12,28
925,2025-07-13,2025,7,13,28
926,2025-07-14,2025,7,14,29
927,2025-07-15,2025,7,15,29
928,2025-07-16,2025,7,16,29
929,2025-07-17,2025,7,17,29
930,2025-07-18,2025,7,18,29
931,2025-07-19,2025,7,19,29
932,2025-07-20,2025,7,20,29
933,2025-07-21,2025,7,21,30
934,2025-07-22,2025,7,22,30
935,2025-07-23,2025,7,23,30
936,2025-07-24,2025,7,24,30
937,2025-07-25,2025,7,25,30
938,2025-07-26,2025,7,26,30
939,2025-07-27,2025,7,27,30
940,2025-07-28,2025,7,28,31
941,2025-07-29,2025,7,29,31
942,2025-07-30,2025,7,30,31
943,2025-07-31,2025,7,31,31
944,2025-08-01,2025,8,1,31
945,2025-08-02,2025,8,2,31
946,2025-08-03,2025,8,3,31
947,2025-08-04,2025,8,4,32
948,2025-08-05,2025,8,5,32
949,2025-08-06,2025,8,6,32
950,2025-08-07,2025,8,7,32
951,2025-08-08,2025,8,8,32
952,2025-08-09,2025,8,9,32
953,2025-08-10,2025,8,10,32
954,2025-08-11,2025,8,11,33
955,2025-08-12,2025,8,12,33
956,2025-08-13,2025,8,13,33
957,2025-08-14,2025,8,14,33
958,2025-08-15,2025,8,15,33
959,2025-08-16,2025,8,16,33
960,2025-08-17,2025,8,17,33
961,2025-08-18,2025,8,18,34
962,2025-08-19,2025,8,19,34
963,2025-08-20,2025,8,20,34
964,2025-08-21,2025,8,21,34
965,2025-08-22,2025,8,22,34
966,2025-08-23,2025,8,23,34
967,2025-08-24,2025,8,24,34
968,2025-08-25,2025,8,25,35
969,2025-08-26,2025,8,26,35
970,2025-08-27,2025,8,27,35
971,2025-08-28,2025,8,28,35
972,2025-08-29,2025,8,29,35
973,2025-08-30,2025,8,30,35
974,2025-08-31,2025,8,31,35
975,2025-09-01,2025,9,1,36
976,2025-09-02,2025,9,2,36
977,2025-09-03,2025,9,3,36
978,2025-09-04,2025,9,4,36
979,2025-09-05,2025,9,5,36
980,2025-09-06,2025,9,6,36
981,2025-09-07,2025,9,7,36
982,2025-09-08,2025,9,8,37
983,2025-09-09,2025,9,9,37
984,2025-09-10,2025,9,10,37
985,2025-09-11,2025,9,11,37
986,2025-09-12,2025,9,12,37
987,2025-09-13,2025,9,13,37
988,2025-09-14,2025,9,14,37
989,2025-09-15,2025,9,15,38
990,2025-09-16,2025,9,16,38
991,2025-09-17,2025,9,17,38
992,2025-09-18,2025,9,18,38
993,2025-09-19,2025,9,19,38
994,2025-09-20,2025,9,20,38
995,2025-09-21,2025,9,21,38
996,2025-09-22,2025,9,22,39
997,2025-09-23,2025,9,23,39
998,2025-09-24,2025,9,24,39
999,2025-09-25,2025,9,25,39
1000,2025-09-26,2025,9,26,39
1001,2025-09-27,2025,9,27,39
1002,2025-09-28,2025,9,28,39
1003,2025-09-29,2025,9,29,40
1004,2025-09-30,2025,9,30,40
1005,2025-10-01,2025,10,1,40
1006,2025-10-02,2025,10,2,40
1007,2025-10-03,2025,10,3,40
1008,2025-10-04,2025,10,4,40
1009,2025-10-05,2025,10,5,40
1010,2025-10-06,2025,10,6,41
1011,2025-10-07,2025,10,7,41
1012,2025-10-08,2025,10,8,41
1013,2025-10-09,2025,10,9,41
1014,2025-10-10,2025,10,10,41
1015,2025-10-11,2025,10,11,41
1016,2025-10-12,2025,10,12,41
1017,2025-10-13,2025,10,13,42
1018,2025-10-14,2025,10,14,42
1019,2025-10-15,2025,10,15,42
1020,2025-10-16,2025,10,16,42
1021,2025-10-17,2025,10,17,42
1022,2025-10-18,2025,10,18,42
1023,2025-10-19,2025,10,19,42
1024,2025-10-20,2025,10,20,43
1025,2025-10-21,2025,10,21,43
1026,2025-10-22,2025,10,22,43
1027,2025-10-23,2025,10,23,43
1028,2025-10-24,2025,10,24,43
1029,2025-10-25,2025,10,25,43
1030,2025-10-26,2025,10,26,43
1031,2025-10-27,2025,10,27,44
1032,2025-10-28,2025,10,28,44
1033,2025-10-29,2025,10,29,44
1034,2025-10-30,2025,10,30,44
1035,2025-10-31,2025,10,31,44
1036,2025-11-01,2025,11,1,44
1037,2025-11-02,2025,11,2,44
1038,2025-11-03,2025,11,3,45
1039,2025-11-04,2025,11,4,45
1040,2025-11-05,2025,11,5,45
1041,2025-11-06,2025,11,6,45
1042,2025-11-07,2025,11,7,45
1043,2025-11-08,2025,11,8,45
1044,2025-11-09,2025,11,9,45
1045,2025-11-10,2025,11,10,46
1046,2025-11-11,2025,11,11,46
1047,2025-11-12,2025,11,12,46
1048,2025-11-13,2025,11,13,46
1049,2025-11-14,2025,11,14,46
1050,2025-11-15,2025,11,15,46
1051,2025-11-16,2025,11,16,46
1052,2025-11-17,2025,11,17,47
1053,2025-11-18,2025,11,18,47
1054,2025-11-19,2025,11,19,47
1055,2025-11-20,2025,11,20,47
1056,2025-11-21,2025,11,21,47
1057,2025-11-22,2025,11,22,47
1058,2025-11-23,2025,11,23,47
1059,2025-11-24,2025,11,24,48
1060,2025-11-25,2025,11,25,48
1061,2025-11-26,2025,11,26,48
1062,2025-11-27,2025,11,27,48
1063,2025-11-28,2025,11,28,48
1064,2025-11-29,2025,11,29,48
1065,2025-11-30,2025,11,30,48
1066,2025-12-01,2025,12,1,49
1067,2025-12-02,2025,12,2,49
1068,2025-12-03,2025,12,3,49
1069,2025-12-04,2025,12,4,49
1070,2025-12-05,2025,12,5,49
1071,2025-12-06,2025,12,6,49
1072,2025-12-07,2025,12,7,49
1073,2025-12-08,2025,12,8,50
1074,2025-12-09,2025,12,9,50
1075,2025-12-10,2025,12,10,50
1076,2025-12-11,2025,12,11,50
1077,2025-12-12,2025,12,12,50
1078,2025-12-13,2025,12,13,50
1079,2025-12-14,2025,12,14,50
1080,2025-12-15,2025,12,15,51
1081,2025-12-16,2025,12,16,51
1082,2025-12-17,2025,12,17,51
1083,2025-12-18,2025,12,18,51
1084,2025-12-19,2025,12,19,51
1085,2025-12-20,2025,12,20,51
1086,2025-12-21,2025,12,21,51
1087,2025-12-22,2025,12,22,52
1088,2025-12-23,2025,12,23,52
1089,2025-12-24,2025,12,24,52
1090,2025-12-25,2025,12,25,52
1091,2025-12-26,2025,12,26,52
1092,2025-12-27,2025,12,27,52
1093,2025-12-28,2025,12,28,52
1094,2025-12-29,2025,12,29,1
1095,2025-12-30,2025,12,30,1
1096,2025-12-31,2025,12,31,1
