ID_Venta,Fecha,ID_Producto,ID_Sucursal,Cantidad,Total_Venta,ID_Fecha
1,2023-05-05,47,5,6,27.18,125
2,2023-04-04,23,4,7,50.19,94
3,2023-08-24,139,3,4,19.88,236
4,2023-09-01,138,2,1,9.17,244
5,2023-09-18,4,5,2,11.48,261
6,2023-02-11,20,1,1,21.18,42
7,2023-04-27,149,3,5,44.45,117
8,2023-07-15,72,5,9,205.65,196
9,2023-05-17,35,1,8,48.64,137
10,2023-10-06,74,6,9,52.83,279
11,2023-07-10,92,6,6,89.10,191
12,2023-05-26,47,3,6,27.18,146
13,2023-08-27,58,2,2,29.08,239
14,2023-06-19,6,1,2,38.84,170
15,2023-02-21,83,5,8,84.64,52
16,2023-03-27,59,6,3,40.26,86
17,2023-04-15,135,4,8,193.12,105
18,2023-03-27,89,3,9,63.72,86
19,2023-04-02,82,6,2,12.64,92
20,2023-04-27,53,5,8,143.60,117
21,2023-05-23,125,5,8,116.64,143
22,2023-11-20,124,5,1,24.02,324
23,2023-09-05,68,4,6,42.84,248
24,2023-03-14,35,5,2,12.16,73
25,2023-12-27,2,5,2,3.30,361
26,2023-09-18,57,3,2,20.92,261
27,2023-03-03,90,5,8,46.72,62
28,2023-03-15,120,4,5,43.60,74
29,2023-10-03,115,6,8,96.88,276
30,2023-06-21,89,4,7,49.56,172
31,2023-01-04,103,6,7,96.81,4
32,2023-01-25,73,1,4,30.12,25
33,2023-04-06,140,4,8,12.00,96
34,2023-01-21,76,2,1,24.15,21
35,2023-10-13,16,5,1,12.76,286
36,2023-06-18,87,6,4,72.64,169
37,2023-08-26,4,1,9,51.66,238
38,2023-06-23,83,4,9,95.22,174
39,2023-06-30,84,2,3,73.50,181
40,2023-09-05,6,3,3,58.26,248
41,2023-12-19,137,3,5,28.05,353
42,2023-09-04,51,1,8,179.36,247
43,2023-09-29,113,4,5,92.15,272
44,2023-09-09,140,1,2,3.00,252
45,2023-03-15,18,6,4,25.00,74
46,2023-04-19,135,4,5,120.70,109
47,2023-11-17,22,2,6,44.28,321
48,2023-10-14,119,5,5,66.15,287
49,2023-12-15,44,5,1,5.45,349
50,2023-05-04,144,5,8,92.56,124
51,2023-04-28,65,6,7,44.59,118
52,2023-03-11,147,5,1,3.40,70
53,2023-01-01,3,4,7,47.32,1
54,2023-03-31,88,3,1,10.10,90
55,2023-03-06,81,1,9,224.55,65
56,2023-11-01,119,1,9,119.07,305
57,2023-11-04,134,5,4,91.12,308
58,2023-09-15,15,1,2,4.90,258
59,2023-04-20,109,2,5,112.35,110
60,2023-03-28,56,3,2,29.88,87
61,2023-03-11,126,1,2,29.20,70
62,2023-05-08,21,6,4,40.24,128
63,2023-10-17,16,2,1,12.76,290
64,2023-08-02,61,4,2,11.38,214
65,2023-10-08,41,2,5,31.00,281
66,2023-05-27,80,6,7,105.14,147
67,2023-10-11,108,2,7,23.94,284
68,2023-03-17,32,6,9,59.76,76
69,2023-10-29,86,4,2,22.38,302
70,2023-04-06,74,3,9,52.83,96
71,2023-12-16,146,2,4,24.96,350
72,2023-09-23,115,3,8,96.88,266
73,2023-03-20,105,6,8,97.28,79
74,2023-05-19,87,1,4,72.64,139
75,2023-04-06,26,3,3,19.65,96
76,2023-07-01,118,6,8,103.12,182
77,2023-09-06,71,5,5,115.65,249
78,2023-09-01,43,4,4,50.56,244
79,2023-01-08,35,1,9,54.72,8
80,2023-05-23,28,6,5,45.50,143
81,2023-10-23,71,5,9,208.17,296
82,2023-08-26,102,3,8,142.72,238
83,2023-08-02,22,6,4,29.52,214
84,2023-07-15,116,4,7,206.01,196
85,2023-08-25,88,1,6,60.60,237
86,2023-03-26,105,4,5,60.80,85
87,2023-08-22,19,5,2,11.00,234
88,2023-05-12,144,4,1,11.57,132
89,2023-01-12,138,4,9,82.53,12
90,2023-05-24,2,5,4,6.60,144
91,2023-09-08,104,6,7,47.67,251
92,2023-09-26,34,2,4,19.00,269
93,2023-10-14,145,2,9,101.07,287
94,2023-06-20,29,3,8,75.12,171
95,2023-01-21,133,6,6,121.50,21
96,2023-03-02,111,5,8,197.04,61
97,2023-04-19,21,5,2,20.12,109
98,2023-03-26,35,3,2,12.16,85
99,2023-02-16,26,6,7,45.85,47
100,2023-09-10,99,3,4,36.60,253
101,2023-02-08,74,3,1,5.87,39
102,2023-08-14,128,1,3,22.23,226
103,2023-04-28,118,1,7,90.23,118
104,2023-01-02,94,5,6,50.64,2
105,2023-07-17,34,3,5,23.75,198
106,2023-02-20,60,5,2,39.00,51
107,2023-11-26,11,5,5,98.85,330
108,2023-11-07,14,5,9,65.61,311
109,2023-06-03,134,6,6,136.68,154
110,2023-10-23,24,5,9,11.43,296
111,2023-06-08,92,5,5,74.25,159
112,2023-05-19,55,5,8,102.24,139
113,2023-06-05,35,4,4,24.32,156
114,2023-02-21,55,3,2,25.56,52
115,2023-01-23,2,3,3,4.95,23
116,2023-03-31,142,2,6,132.24,90
117,2023-07-14,71,5,2,46.26,195
118,2023-10-26,85,1,1,25.24,299
119,2023-12-13,54,6,8,195.68,347
120,2023-12-16,91,5,3,50.07,350
121,2023-12-26,63,6,1,14.69,360
122,2023-08-12,33,6,9,209.70,224
123,2023-12-25,94,5,7,59.08,359
124,2023-03-21,126,1,3,43.80,80
125,2023-06-27,98,5,2,5.28,178
126,2023-12-31,78,4,4,53.64,365
127,2023-09-05,67,1,8,108.08,248
128,2023-09-29,118,4,6,77.34,272
129,2023-01-17,11,4,6,118.62,17
130,2023-04-11,102,5,1,17.84,101
131,2023-03-31,57,3,2,20.92,90
132,2023-01-27,128,3,3,22.23,27
133,2023-06-03,28,1,1,9.10,154
134,2023-10-11,40,2,4,23.08,284
135,2023-01-08,136,2,5,32.15,8
136,2023-05-23,44,6,9,49.05,143
137,2023-01-01,50,2,9,98.01,1
138,2023-06-11,48,4,5,58.15,162
139,2023-09-13,32,1,8,53.12,256
140,2023-10-14,97,1,4,54.68,287
141,2023-08-08,82,5,9,56.88,220
142,2023-05-04,119,3,7,92.61,124
143,2023-12-02,20,6,8,169.44,336
144,2023-11-09,36,2,6,51.96,313
145,2023-07-24,22,3,6,44.28,205
146,2023-10-06,44,4,6,32.70,279
147,2023-10-19,2,5,3,4.95,292
148,2023-04-25,1,6,2,10.64,115
149,2023-12-25,17,5,2,30.36,359
150,2023-05-25,77,4,8,77.68,145
151,2023-09-25,70,5,7,34.16,268
152,2023-11-15,71,1,2,46.26,319
153,2023-07-09,59,2,8,107.36,190
154,2023-09-19,63,1,1,14.69,262
155,2023-10-30,65,4,3,19.11,303
156,2023-09-27,20,2,1,21.18,270
157,2023-08-20,3,6,2,13.52,232
158,2023-06-05,102,5,5,89.20,156
159,2023-02-18,143,4,8,32.16,49
160,2023-09-15,135,5,9,217.26,258
161,2023-09-04,110,2,3,27.63,247
162,2023-11-15,120,4,8,69.76,319
163,2023-08-01,25,3,3,28.14,213
164,2023-03-14,11,6,5,98.85,73
165,2023-01-24,147,5,4,13.60,24
166,2023-05-05,69,2,9,240.93,125
167,2023-12-29,37,2,2,16.16,363
168,2023-08-13,103,1,6,82.98,225
169,2023-03-11,135,5,3,72.42,70
170,2023-12-17,83,5,1,10.58,351
171,2023-09-11,132,2,6,97.80,254
172,2023-11-15,14,6,5,36.45,319
173,2023-12-05,91,3,8,133.52,339
174,2023-02-15,140,2,5,7.50,46
175,2023-09-08,67,4,2,27.02,251
176,2023-01-16,53,2,1,17.95,16
177,2023-10-20,56,3,9,134.46,293
178,2023-01-21,7,1,4,70.36,21
179,2023-03-27,123,1,1,18.17,86
180,2023-07-09,121,2,1,18.36,190
181,2023-04-20,12,2,9,49.95,110
182,2023-12-11,61,4,7,39.83,345
183,2023-05-08,52,4,1,21.02,128
184,2023-08-28,14,3,6,43.74,240
185,2023-06-08,97,3,6,82.02,159
186,2023-03-21,61,6,9,51.21,80
187,2023-12-04,77,6,7,67.97,338
188,2023-08-11,51,4,4,89.68,223
189,2023-10-27,56,2,2,29.88,300
190,2023-03-24,100,4,2,39.02,83
191,2023-02-13,91,6,8,133.52,44
192,2023-11-12,10,6,5,28.75,316
193,2023-12-03,12,4,6,33.30,337
194,2023-07-29,9,5,9,95.85,210
195,2023-05-26,67,6,8,108.08,146
196,2023-01-06,92,3,1,14.85,6
197,2023-05-22,88,4,3,30.30,142
198,2023-01-28,103,6,8,110.64,28
199,2023-09-30,67,3,2,27.02,273
200,2023-09-26,64,1,7,163.17,269
201,2023-07-29,66,1,2,44.00,210
202,2023-07-07,123,4,1,18.17,188
203,2023-11-01,92,1,8,118.80,305
204,2023-03-15,56,6,8,119.52,74
205,2023-08-11,108,3,5,17.10,223
206,2023-06-06,78,1,6,80.46,157
207,2023-09-25,98,1,3,7.92,268
208,2023-03-08,62,5,5,116.35,67
209,2023-06-15,147,5,7,23.80,166
210,2023-09-11,32,1,1,6.64,254
211,2023-11-03,147,5,6,20.40,307
212,2023-03-25,66,5,7,154.00,84
213,2023-03-24,128,5,5,37.05,83
214,2023-10-27,102,1,5,89.20,300
215,2023-03-17,142,6,5,110.20,76
216,2023-05-06,119,2,5,66.15,126
217,2023-12-16,43,6,5,63.20,350
218,2023-12-31,145,6,9,101.07,365
219,2023-09-09,4,6,4,22.96,252
220,2023-03-28,75,2,8,32.72,87
221,2023-08-15,102,5,8,142.72,227
222,2023-06-30,134,1,5,113.90,181
223,2023-05-04,38,1,9,97.92,124
224,2023-06-24,86,5,3,33.57,175
225,2023-09-10,20,1,9,190.62,253
226,2023-01-09,16,6,7,89.32,9
227,2023-12-14,31,3,5,20.25,348
228,2023-01-28,96,4,3,16.44,28
229,2023-03-02,87,6,5,90.80,61
230,2023-01-31,126,1,6,87.60,31
231,2023-03-21,125,6,1,14.58,80
232,2023-07-06,13,2,7,38.36,187
233,2023-10-12,137,3,3,16.83,285
234,2023-09-22,3,1,3,20.28,265
235,2023-03-25,99,2,1,9.15,84
236,2023-01-03,10,4,4,23.00,3
237,2023-02-04,126,4,9,131.40,35
238,2023-11-29,77,4,9,87.39,333
239,2023-01-08,150,2,9,70.92,8
240,2023-02-16,119,3,1,13.23,47
241,2023-07-05,31,4,4,16.20,186
242,2023-11-25,13,4,3,16.44,329
243,2023-07-31,143,6,7,28.14,212
244,2023-11-30,45,4,3,9.69,334
245,2023-09-10,121,3,7,128.52,253
246,2023-07-16,114,6,3,50.52,197
247,2023-01-04,12,2,7,38.85,4
248,2023-08-03,61,4,3,17.07,215
249,2023-07-27,82,1,1,6.32,208
250,2023-02-12,122,3,4,91.32,43
251,2023-01-27,53,3,1,17.95,27
252,2023-12-10,1,5,3,15.96,344
253,2023-07-24,73,5,4,30.12,205
254,2023-09-09,68,4,6,42.84,252
255,2023-07-02,129,6,7,35.91,183
256,2023-07-07,55,1,6,76.68,188
257,2023-07-03,104,6,6,40.86,184
258,2023-02-26,51,3,2,44.84,57
259,2023-07-09,1,6,8,42.56,190
260,2023-08-08,24,3,5,6.35,220
261,2023-11-25,107,3,8,126.88,329
262,2023-06-07,110,5,3,27.63,158
263,2023-11-25,24,2,3,3.81,329
264,2023-07-07,143,3,8,32.16,188
265,2023-10-01,51,1,8,179.36,274
266,2023-11-28,20,6,2,42.36,332
267,2023-02-13,33,3,8,186.40,44
268,2023-02-18,76,4,7,169.05,49
269,2023-05-10,62,5,7,162.89,130
270,2023-05-02,2,5,6,9.90,122
271,2023-06-13,78,1,8,107.28,164
272,2023-11-07,91,1,1,16.69,311
273,2023-06-25,9,1,7,74.55,176
274,2023-02-22,118,2,7,90.23,53
275,2023-05-28,147,6,4,13.60,148
276,2023-04-11,138,2,7,64.19,101
277,2023-11-04,3,2,2,13.52,308
278,2023-07-26,101,6,8,97.36,207
279,2023-02-13,28,3,4,36.40,44
280,2023-03-26,50,4,2,21.78,85
281,2023-07-04,125,1,9,131.22,185
282,2023-04-29,1,2,3,15.96,119
283,2023-02-01,74,3,8,46.96,32
284,2023-01-19,6,1,3,58.26,19
285,2023-10-16,108,2,6,20.52,289
286,2023-06-12,7,1,8,140.72,163
287,2023-08-08,133,1,2,40.50,220
288,2023-11-11,18,3,3,18.75,315
289,2023-06-25,14,6,1,7.29,176
290,2023-06-25,20,1,5,105.90,176
291,2023-03-10,52,2,5,105.10,69
292,2023-01-23,22,1,3,22.14,23
293,2023-09-06,111,1,7,172.41,249
294,2023-08-22,66,3,8,176.00,234
295,2023-12-21,46,4,2,22.66,355
296,2023-08-14,16,6,2,25.52,226
297,2023-11-17,8,1,8,40.64,321
298,2023-11-15,117,4,3,28.56,319
299,2023-09-20,110,1,2,18.42,263
300,2023-12-17,61,4,7,39.83,351
301,2023-01-25,26,3,6,39.30,25
302,2023-03-02,4,5,1,5.74,61
303,2023-05-26,123,3,8,145.36,146
304,2023-02-17,63,4,8,117.52,48
305,2023-09-22,137,6,9,50.49,265
306,2023-11-23,126,3,6,87.60,327
307,2023-05-22,102,3,8,142.72,142
308,2023-04-13,27,2,5,83.85,103
309,2023-11-11,94,4,6,50.64,315
310,2023-06-30,102,5,4,71.36,181
311,2023-09-26,27,4,3,50.31,269
312,2023-01-17,51,6,7,156.94,17
313,2023-12-21,73,3,4,30.12,355
314,2023-09-24,139,1,3,14.91,267
315,2023-12-08,141,5,6,89.22,342
316,2023-04-03,147,1,3,10.20,93
317,2023-02-19,83,4,8,84.64,50
318,2023-12-12,130,1,1,14.05,346
319,2023-10-14,106,3,2,8.02,287
320,2023-06-11,137,4,1,5.61,162
321,2023-01-09,49,1,6,40.62,9
322,2023-08-26,109,3,2,44.94,238
323,2023-11-16,131,1,6,147.54,320
324,2023-01-11,133,5,5,101.25,11
325,2023-12-15,16,6,6,76.56,349
326,2023-03-02,35,1,6,36.48,61
327,2023-12-07,56,6,6,89.64,341
328,2023-08-17,139,4,5,24.85,229
329,2023-03-18,34,6,5,23.75,77
330,2023-03-01,60,1,9,175.50,60
331,2023-01-21,128,6,8,59.28,21
332,2023-06-17,6,6,7,135.94,168
333,2023-03-11,133,2,3,60.75,70
334,2023-11-28,55,6,2,25.56,332
335,2023-06-14,102,1,1,17.84,165
336,2023-11-17,140,3,2,3.00,321
337,2023-04-27,49,5,9,60.93,117
338,2023-11-24,140,1,6,9.00,328
339,2023-07-15,50,4,2,21.78,196
340,2023-03-25,29,1,2,18.78,84
341,2023-05-13,67,6,5,67.55,133
342,2023-06-12,144,5,1,11.57,163
343,2023-08-18,39,2,7,207.48,230
344,2023-04-03,23,5,2,14.34,93
345,2023-02-05,106,4,2,8.02,36
346,2023-05-27,141,2,9,133.83,147
347,2023-09-01,54,2,9,220.14,244
348,2023-02-27,90,4,9,52.56,58
349,2023-10-21,76,5,5,120.75,294
350,2023-01-07,77,4,7,67.97,7
351,2023-05-25,14,2,7,51.03,145
352,2023-08-16,6,2,2,38.84,228
353,2023-07-17,149,6,1,8.89,198
354,2023-08-04,48,6,4,46.52,216
355,2023-01-14,43,2,3,37.92,14
356,2023-05-26,73,6,6,45.18,146
357,2023-06-22,38,3,7,76.16,173
358,2023-08-05,41,4,8,49.60,217
359,2023-07-19,99,6,8,73.20,200
360,2023-09-11,83,6,4,42.32,254
361,2023-06-11,74,3,7,41.09,162
362,2023-03-15,99,6,4,36.60,74
363,2023-05-12,122,3,9,205.47,132
364,2023-09-24,58,1,1,14.54,267
365,2023-10-02,141,2,1,14.87,275
366,2023-04-30,59,3,8,107.36,120
367,2023-03-27,67,5,4,54.04,86
368,2023-03-24,72,1,9,205.65,83
369,2023-06-05,49,3,3,20.31,156
370,2023-09-29,18,1,2,12.50,272
371,2023-11-30,131,5,9,221.31,334
372,2023-02-27,58,6,2,29.08,58
373,2023-03-31,76,4,9,217.35,90
374,2023-11-08,141,5,4,59.48,312
375,2023-04-23,29,1,9,84.51,113
376,2023-12-16,117,6,8,76.16,350
377,2023-05-24,83,5,2,21.16,144
378,2023-06-10,149,1,5,44.45,161
379,2023-07-16,33,6,4,93.20,197
380,2023-06-15,40,1,5,28.85,166
381,2023-08-26,28,6,5,45.50,238
382,2023-04-07,133,3,6,121.50,97
383,2023-05-13,46,6,5,56.65,133
384,2023-02-20,117,3,6,57.12,51
385,2023-03-29,12,6,3,16.65,88
386,2023-05-30,81,4,2,49.90,150
387,2023-06-25,18,3,3,18.75,176
388,2023-11-14,135,6,7,168.98,318
389,2023-01-26,114,3,4,67.36,26
390,2023-06-18,12,5,7,38.85,169
391,2023-12-30,92,6,3,44.55,364
392,2023-12-19,150,4,2,15.76,353
393,2023-10-24,125,3,2,29.16,297
394,2023-06-29,44,3,1,5.45,180
395,2023-10-22,125,5,6,87.48,295
396,2023-05-29,144,5,2,23.14,149
397,2023-09-07,127,1,6,42.54,250
398,2023-09-24,25,2,7,65.66,267
399,2023-11-29,139,4,1,4.97,333
400,2023-01-10,86,3,6,67.14,10
401,2023-05-21,32,2,7,46.48,141
402,2023-03-16,42,2,7,40.18,75
403,2023-02-26,106,6,5,20.05,57
404,2023-02-12,41,5,2,12.40,43
405,2023-04-12,134,4,2,45.56,102
406,2023-06-07,93,4,8,148.24,158
407,2023-11-21,15,1,4,9.80,325
408,2023-02-15,64,3,6,139.86,46
409,2023-09-01,24,1,5,6.35,244
410,2023-03-19,53,3,3,53.85,78
411,2023-03-22,78,6,6,80.46,81
412,2023-02-15,25,2,6,56.28,46
413,2023-07-10,96,2,4,21.92,191
414,2023-08-29,89,3,3,21.24,241
415,2023-02-06,16,1,1,12.76,37
416,2023-10-02,86,3,2,22.38,275
417,2023-12-21,28,5,2,18.20,355
418,2023-09-17,137,2,4,22.44,260
419,2023-01-28,52,1,3,63.06,28
420,2023-11-17,135,5,6,144.84,321
421,2023-06-08,85,5,7,176.68,159
422,2023-03-22,138,1,3,27.51,81
423,2023-11-26,105,4,1,12.16,330
424,2023-12-02,103,3,9,124.47,336
425,2023-06-24,77,4,6,58.26,175
426,2023-07-26,12,1,4,22.20,207
427,2023-08-22,30,4,1,20.76,234
428,2023-07-27,138,3,5,45.85,208
429,2023-05-13,70,6,7,34.16,133
430,2023-03-16,68,3,9,64.26,75
431,2023-11-20,7,5,3,52.77,324
432,2023-05-09,22,3,4,29.52,129
433,2023-07-10,72,2,8,182.80,191
434,2023-05-20,26,2,8,52.40,140
435,2023-03-20,19,1,9,49.50,79
436,2023-07-19,48,2,4,46.52,200
437,2023-02-14,95,6,5,93.90,45
438,2023-05-17,52,1,4,84.08,137
439,2023-08-01,23,3,6,43.02,213
440,2023-06-08,29,4,2,18.78,159
441,2023-07-23,18,5,6,37.50,204
442,2023-12-16,131,1,7,172.13,350
443,2023-02-28,2,6,1,1.65,59
444,2023-11-15,138,4,2,18.34,319
445,2023-05-18,148,3,8,46.88,138
446,2023-08-26,86,6,2,22.38,238
447,2023-03-09,128,1,8,59.28,68
448,2023-12-20,117,3,2,19.04,354
449,2023-11-25,63,2,4,58.76,329
450,2023-03-31,9,6,3,31.95,90
451,2023-11-14,135,2,4,96.56,318
452,2023-05-09,129,3,9,46.17,129
453,2023-09-19,13,5,1,5.48,262
454,2023-05-06,28,3,1,9.10,126
455,2023-06-18,45,2,1,3.23,169
456,2023-11-01,49,1,8,54.16,305
457,2023-04-25,105,3,6,72.96,115
458,2023-05-22,16,1,5,63.80,142
459,2023-12-01,119,4,2,26.46,335
460,2023-01-27,97,3,3,41.01,27
461,2023-09-11,113,1,8,147.44,254
462,2023-03-27,133,2,1,20.25,86
463,2023-04-13,147,5,8,27.20,103
464,2023-02-21,128,2,1,7.41,52
465,2023-09-21,13,2,9,49.32,264
466,2023-01-21,51,3,7,156.94,21
467,2023-07-01,139,5,8,39.76,182
468,2023-10-26,25,6,5,46.90,299
469,2023-01-30,94,3,4,33.76,30
470,2023-12-15,5,1,2,3.94,349
471,2023-12-15,26,1,9,58.95,349
472,2023-04-11,43,3,9,113.76,101
473,2023-10-24,67,3,3,40.53,297
474,2023-06-18,32,5,7,46.48,169
475,2023-02-10,27,3,4,67.08,41
476,2023-02-23,73,2,2,15.06,54
477,2023-07-07,29,4,1,9.39,188
478,2023-12-11,50,6,3,32.67,345
479,2023-01-13,114,1,4,67.36,13
480,2023-03-27,51,5,4,89.68,86
481,2023-10-19,98,5,8,21.12,292
482,2023-04-13,51,5,3,67.26,103
483,2023-08-16,143,1,3,12.06,228
484,2023-02-12,31,1,6,24.30,43
485,2023-12-22,149,6,5,44.45,356
486,2023-12-26,22,4,3,22.14,360
487,2023-08-04,63,4,3,44.07,216
488,2023-11-11,39,2,4,118.56,315
489,2023-05-29,42,3,1,5.74,149
490,2023-02-19,124,4,2,48.04,50
491,2023-10-28,48,6,8,93.04,301
492,2023-09-23,7,6,3,52.77,266
493,2023-07-09,118,6,8,103.12,190
494,2023-12-27,143,3,4,16.08,361
495,2023-02-11,27,6,9,150.93,42
496,2023-06-19,88,3,4,40.40,170
497,2023-03-01,134,1,2,45.56,60
498,2023-05-27,25,1,2,18.76,147
499,2023-12-02,102,6,4,71.36,336
500,2023-05-18,64,2,3,69.93,138
501,2023-12-23,106,3,9,36.09,357
502,2023-08-10,27,1,5,83.85,222
503,2023-06-14,43,2,7,88.48,165
504,2023-02-28,5,5,3,5.91,59
505,2023-08-21,4,4,3,17.22,233
506,2023-11-22,99,2,7,64.05,326
507,2023-09-13,99,3,3,27.45,256
508,2023-06-03,1,2,7,37.24,154
509,2023-05-02,104,2,6,40.86,122
510,2023-03-23,103,6,6,82.98,82
511,2023-05-29,30,2,8,166.08,149
512,2023-09-25,25,6,7,65.66,268
513,2023-08-22,103,2,5,69.15,234
514,2023-10-23,146,6,2,12.48,296
515,2023-09-18,89,5,1,7.08,261
516,2023-07-23,41,1,5,31.00,204
517,2023-04-07,46,2,3,33.99,97
518,2023-12-17,111,3,7,172.41,351
519,2023-04-11,99,6,2,18.30,101
520,2023-08-13,92,1,2,29.70,225
521,2023-03-22,4,4,6,34.44,81
522,2023-12-25,123,5,8,145.36,359
523,2023-07-06,33,6,7,163.10,187
524,2023-05-15,78,2,6,80.46,135
525,2023-07-18,78,6,9,120.69,199
526,2023-09-26,32,3,7,46.48,269
527,2023-01-09,62,1,2,46.54,9
528,2023-02-17,8,4,2,10.16,48
529,2023-04-26,107,5,9,142.74,116
530,2023-11-01,98,5,1,2.64,305
531,2023-06-27,12,6,1,5.55,178
532,2023-05-10,83,3,2,21.16,130
533,2023-10-14,150,3,2,15.76,287
534,2023-11-22,25,5,8,75.04,326
535,2023-11-20,54,6,6,146.76,324
536,2023-12-19,83,5,2,21.16,353
537,2023-02-04,69,2,8,214.16,35
538,2023-01-02,130,5,2,28.10,2
539,2023-02-25,128,1,5,37.05,56
540,2023-06-03,38,5,8,87.04,154
541,2023-09-19,62,5,5,116.35,262
542,2023-09-18,12,5,5,27.75,261
543,2023-06-25,90,6,3,17.52,176
544,2023-08-12,79,4,2,24.64,224
545,2023-12-18,134,1,4,91.12,352
546,2023-08-29,84,5,5,122.50,241
547,2023-08-06,26,2,6,39.30,218
548,2023-07-16,80,1,9,135.18,197
549,2023-08-04,56,5,3,44.82,216
550,2023-10-09,125,4,7,102.06,282
551,2023-07-20,138,5,5,45.85,201
552,2023-09-05,43,1,8,101.12,248
553,2023-10-17,33,2,2,46.60,290
554,2023-12-04,150,5,9,70.92,338
555,2023-12-11,106,1,7,28.07,345
556,2023-09-12,132,5,6,97.80,255
557,2023-04-06,93,5,8,148.24,96
558,2023-08-25,8,2,7,35.56,237
559,2023-12-23,47,6,4,18.12,357
560,2023-03-29,63,6,4,58.76,88
561,2023-02-10,110,1,9,82.89,41
562,2023-09-25,4,2,2,11.48,268
563,2023-09-01,145,6,3,33.69,244
564,2023-02-09,58,3,4,58.16,40
565,2023-10-09,3,6,7,47.32,282
566,2023-05-28,60,5,3,58.50,148
567,2023-12-20,138,4,4,36.68,354
568,2023-09-03,114,6,7,117.88,246
569,2023-12-28,1,6,3,15.96,362
570,2023-09-24,31,6,3,12.15,267
571,2023-12-25,2,2,3,4.95,359
572,2023-05-10,79,5,4,49.28,130
573,2023-10-21,28,5,7,63.70,294
574,2023-02-02,133,6,6,121.50,33
575,2023-01-12,68,2,4,28.56,12
576,2023-09-14,123,1,5,90.85,257
577,2023-08-05,25,6,5,46.90,217
578,2023-12-05,40,6,7,40.39,339
579,2023-07-25,138,1,7,64.19,206
580,2023-09-14,76,2,7,169.05,257
581,2023-06-05,113,5,9,165.87,156
582,2023-12-31,17,2,6,91.08,365
583,2023-08-09,142,4,5,110.20,221
584,2023-03-13,11,3,2,39.54,72
585,2023-11-17,74,5,5,29.35,321
586,2023-08-01,104,1,7,47.67,213
587,2023-06-11,67,1,7,94.57,162
588,2023-12-27,99,4,4,36.60,361
589,2023-06-01,85,4,3,75.72,152
590,2023-12-02,5,5,2,3.94,336
591,2023-09-16,144,6,6,69.42,259
592,2023-05-07,31,5,2,8.10,127
593,2023-01-22,60,2,7,136.50,22
594,2023-12-06,103,2,4,55.32,340
595,2023-10-28,44,4,5,27.25,301
596,2023-05-29,133,2,7,141.75,149
597,2023-12-02,48,4,5,58.15,336
598,2023-01-18,96,1,2,10.96,18
599,2023-02-06,128,5,8,59.28,37
600,2023-03-03,115,2,9,108.99,62
601,2023-07-07,54,5,8,195.68,188
602,2023-08-01,30,5,7,145.32,213
603,2023-02-05,71,5,9,208.17,36
604,2023-07-21,53,3,2,35.90,202
605,2023-04-23,47,6,2,9.06,113
606,2023-08-09,19,5,4,22.00,221
607,2023-01-02,64,5,9,209.79,2
608,2023-08-03,83,4,3,31.74,215
609,2023-03-10,67,5,5,67.55,69
610,2023-08-31,90,2,1,5.84,243
611,2023-12-19,85,4,3,75.72,353
612,2023-10-09,95,5,8,150.24,282
613,2023-01-26,46,1,2,22.66,26
614,2023-01-03,36,1,6,51.96,3
615,2023-01-07,132,2,8,130.40,7
616,2023-01-12,47,6,3,13.59,12
617,2023-03-06,107,4,4,63.44,65
618,2023-12-14,17,5,5,75.90,348
619,2023-08-22,75,4,2,8.18,234
620,2023-06-11,25,1,1,9.38,162
621,2023-03-25,11,5,3,59.31,84
622,2023-05-06,96,6,2,10.96,126
623,2023-11-23,61,5,1,5.69,327
624,2023-08-22,57,1,8,83.68,234
625,2023-09-04,133,2,6,121.50,247
626,2023-10-03,77,2,5,48.55,276
627,2023-09-12,19,1,3,16.50,255
628,2023-01-22,70,1,7,34.16,22
629,2023-07-10,76,1,2,48.30,191
630,2023-06-29,6,6,4,77.68,180
631,2023-07-26,78,6,5,67.05,207
632,2023-06-27,146,6,4,24.96,178
633,2023-03-29,70,6,5,24.40,88
634,2023-10-15,31,4,8,32.40,288
635,2023-02-26,73,4,3,22.59,57
636,2023-11-29,143,2,4,16.08,333
637,2023-11-21,113,4,4,73.72,325
638,2023-07-15,110,5,3,27.63,196
639,2023-11-23,5,6,5,9.85,327
640,2023-06-01,16,1,3,38.28,152
641,2023-12-08,114,2,5,84.20,342
642,2023-05-23,35,2,5,30.40,143
643,2023-04-22,115,6,2,24.22,112
644,2023-09-16,7,2,6,105.54,259
645,2023-11-05,129,3,6,30.78,309
646,2023-12-22,141,3,2,29.74,356
647,2023-02-14,131,5,8,196.72,45
648,2023-10-06,55,1,9,115.02,279
649,2023-01-31,19,4,7,38.50,31
650,2023-07-20,123,2,1,18.17,201
651,2023-10-12,35,3,1,6.08,285
652,2023-12-03,134,4,7,159.46,337
653,2023-07-11,78,1,4,53.64,192
654,2023-06-19,57,1,4,41.84,170
655,2023-08-14,12,2,8,44.40,226
656,2023-04-14,48,6,6,69.78,104
657,2023-02-04,95,1,1,18.78,35
658,2023-04-11,49,4,6,40.62,101
659,2023-03-17,83,5,5,52.90,76
660,2023-06-13,65,2,5,31.85,164
661,2023-04-18,53,4,3,53.85,108
662,2023-03-26,41,3,2,12.40,85
663,2023-04-09,73,1,1,7.53,99
664,2023-06-07,11,3,3,59.31,158
665,2023-08-13,111,4,1,24.63,225
666,2023-06-11,92,3,8,118.80,162
667,2023-05-12,88,2,2,20.20,132
668,2023-07-01,112,1,6,126.60,182
669,2023-01-04,150,3,3,23.64,4
670,2023-12-13,125,4,9,131.22,347
671,2023-09-16,33,2,2,46.60,259
672,2023-08-09,117,4,9,85.68,221
673,2023-07-25,43,4,8,101.12,206
674,2023-04-25,52,4,5,105.10,115
675,2023-11-21,145,5,2,22.46,325
676,2023-05-09,101,4,5,60.85,129
677,2023-02-17,47,6,9,40.77,48
678,2023-07-20,38,6,6,65.28,201
679,2023-02-01,136,2,8,51.44,32
680,2023-08-10,69,1,3,80.31,222
681,2023-04-13,33,1,4,93.20,103
682,2023-01-17,119,5,2,26.46,17
683,2023-11-07,68,4,1,7.14,311
684,2023-12-12,81,5,7,174.65,346
685,2023-11-26,87,5,8,145.28,330
686,2023-01-06,22,3,3,22.14,6
687,2023-07-16,60,2,8,156.00,197
688,2023-08-23,93,2,5,92.65,235
689,2023-05-01,60,5,1,19.50,121
690,2023-09-18,19,1,1,5.50,261
691,2023-05-03,145,5,7,78.61,123
692,2023-07-11,6,1,1,19.42,192
693,2023-11-02,60,1,7,136.50,306
694,2023-06-12,85,1,5,126.20,163
695,2023-05-07,104,5,1,6.81,127
696,2023-11-09,8,1,7,35.56,313
697,2023-12-31,27,6,6,100.62,365
698,2023-09-18,41,4,7,43.40,261
699,2023-05-13,148,5,4,23.44,133
700,2023-09-16,36,1,4,34.64,259
701,2023-12-20,95,1,4,75.12,354
702,2023-10-22,38,2,6,65.28,295
703,2023-02-09,148,6,4,23.44,40
704,2023-07-20,62,2,3,69.81,201
705,2023-09-12,144,3,5,57.85,255
706,2023-03-09,78,6,9,120.69,68
707,2023-09-04,98,2,6,15.84,247
708,2023-10-02,48,4,4,46.52,275
709,2023-01-14,61,3,2,11.38,14
710,2023-06-15,72,4,3,68.55,166
711,2023-01-31,35,3,7,42.56,31
712,2023-09-13,140,4,3,4.50,256
713,2023-12-28,137,5,8,44.88,362
714,2023-07-04,87,4,3,54.48,185
715,2023-07-14,30,6,1,20.76,195
716,2023-02-19,52,3,4,84.08,50
717,2023-12-14,11,4,6,118.62,348
718,2023-04-08,127,4,6,42.54,98
719,2023-03-13,136,6,1,6.43,72
720,2023-04-02,2,5,5,8.25,92
721,2023-08-23,136,1,9,57.87,235
722,2023-05-18,47,4,8,36.24,138
723,2023-08-02,24,5,8,10.16,214
724,2023-09-26,4,5,1,5.74,269
725,2023-10-21,49,2,1,6.77,294
726,2023-08-18,54,1,2,48.92,230
727,2023-06-05,63,1,4,58.76,156
728,2023-04-14,76,5,7,169.05,104
729,2023-04-30,57,6,4,41.84,120
730,2023-11-23,131,5,2,49.18,327
731,2023-08-07,47,1,2,9.06,219
732,2023-01-18,116,6,8,235.44,18
733,2023-11-01,136,3,8,51.44,305
734,2023-02-19,21,1,3,30.18,50
735,2023-03-06,83,2,1,10.58,65
736,2023-01-25,96,5,8,43.84,25
737,2023-06-30,84,1,5,122.50,181
738,2023-02-26,39,1,3,88.92,57
739,2023-09-18,150,5,6,47.28,261
740,2023-07-18,15,6,4,9.80,199
741,2023-07-13,149,5,6,53.34,194
742,2023-01-09,10,4,3,17.25,9
743,2023-07-24,6,4,6,116.52,205
744,2023-12-18,109,5,5,112.35,352
745,2023-09-10,85,1,7,176.68,253
746,2023-04-29,89,4,4,28.32,119
747,2023-03-01,123,1,1,18.17,60
748,2023-05-06,15,6,6,14.70,126
749,2023-03-01,103,6,4,55.32,60
750,2023-08-31,64,1,2,46.62,243
751,2023-07-01,65,4,2,12.74,182
752,2023-04-06,61,6,4,22.76,96
753,2023-07-14,93,6,6,111.18,195
754,2023-04-06,95,3,1,18.78,96
755,2023-07-21,18,5,4,25.00,202
756,2023-04-16,90,6,6,35.04,106
757,2023-05-20,51,3,9,201.78,140
758,2023-05-02,38,2,6,65.28,122
759,2023-03-12,62,6,1,23.27,71
760,2023-08-20,80,6,2,30.04,232
761,2023-04-01,2,1,3,4.95,91
762,2023-07-21,142,5,4,88.16,202
763,2023-05-25,73,1,3,22.59,145
764,2023-05-14,29,5,4,37.56,134
765,2023-06-09,66,4,5,110.00,160
766,2023-01-23,9,2,3,31.95,23
767,2023-10-08,117,6,2,19.04,281
768,2023-02-21,42,1,8,45.92,52
769,2023-10-07,120,5,1,8.72,280
770,2023-04-04,95,5,3,56.34,94
771,2023-03-14,67,3,3,40.53,73
772,2023-08-25,78,1,6,80.46,237
773,2023-02-23,120,1,2,17.44,54
774,2023-08-25,129,4,7,35.91,237
775,2023-08-03,35,2,6,36.48,215
776,2023-07-16,83,4,2,21.16,197
777,2023-07-06,135,4,7,168.98,187
778,2023-06-09,55,4,1,12.78,160
779,2023-03-01,113,4,6,110.58,60
780,2023-07-02,55,4,1,12.78,183
781,2023-01-19,67,2,7,94.57,19
782,2023-01-04,127,3,4,28.36,4
783,2023-10-21,75,4,5,20.45,294
784,2023-01-08,148,5,7,41.02,8
785,2023-05-12,61,6,4,22.76,132
786,2023-10-07,96,3,8,43.84,280
787,2023-02-26,54,2,2,48.92,57
788,2023-11-03,131,3,5,122.95,307
789,2023-03-28,105,1,6,72.96,87
790,2023-04-30,117,5,4,38.08,120
791,2023-01-25,25,2,6,56.28,25
792,2023-07-24,121,5,1,18.36,205
793,2023-08-12,132,4,7,114.10,224
794,2023-11-21,65,3,7,44.59,325
795,2023-04-26,94,6,6,50.64,116
796,2023-01-26,65,5,6,38.22,26
797,2023-09-26,148,1,9,52.74,269
798,2023-02-24,6,1,9,174.78,55
799,2023-12-07,68,6,4,28.56,341
800,2023-06-26,85,1,8,201.92,177
801,2023-04-12,111,5,5,123.15,102
802,2023-12-14,83,6,6,63.48,348
803,2023-06-08,47,3,3,13.59,159
804,2023-07-14,100,3,2,39.02,195
805,2023-04-29,4,1,1,5.74,119
806,2023-07-08,117,3,9,85.68,189
807,2023-08-26,89,1,9,63.72,238
808,2023-11-20,44,5,7,38.15,324
809,2023-01-07,20,5,5,105.90,7
810,2023-06-16,88,2,6,60.60,167
811,2023-10-29,110,2,5,46.05,302
812,2023-05-28,21,5,4,40.24,148
813,2023-07-22,129,4,7,35.91,203
814,2023-09-13,6,1,3,58.26,256
815,2023-01-13,18,4,8,50.00,13
816,2023-04-09,140,6,6,9.00,99
817,2023-07-09,7,1,1,17.59,190
818,2023-09-20,125,5,1,14.58,263
819,2023-01-04,79,3,5,61.60,4
820,2023-12-12,116,1,1,29.43,346
821,2023-01-16,147,5,3,10.20,16
822,2023-11-26,22,6,4,29.52,330
823,2023-02-18,119,6,2,26.46,49
824,2023-05-09,10,6,2,11.50,129
825,2023-01-12,131,6,8,196.72,12
826,2023-08-29,14,2,5,36.45,241
827,2023-09-12,25,3,9,84.42,255
828,2023-01-23,135,6,2,48.28,23
829,2023-03-25,42,6,2,11.48,84
830,2023-09-18,104,5,2,13.62,261
831,2023-11-15,27,4,2,33.54,319
832,2023-01-16,70,3,7,34.16,16
833,2023-08-27,111,3,9,221.67,239
834,2023-03-21,145,3,6,67.38,80
835,2023-05-20,67,5,1,13.51,140
836,2023-06-30,46,4,6,67.98,181
837,2023-12-18,142,2,5,110.20,352
838,2023-12-10,116,1,4,117.72,344
839,2023-05-22,150,3,7,55.16,142
840,2023-02-13,82,2,9,56.88,44
841,2023-07-01,132,1,2,32.60,182
842,2023-07-01,55,5,1,12.78,182
843,2023-04-29,80,6,9,135.18,119
844,2023-10-31,79,1,6,73.92,304
845,2023-09-30,93,5,8,148.24,273
846,2023-12-08,131,6,7,172.13,342
847,2023-06-14,32,1,9,59.76,165
848,2023-01-19,11,5,5,98.85,19
849,2023-08-01,48,2,9,104.67,213
850,2023-05-20,128,4,3,22.23,140
851,2023-10-11,9,3,4,42.60,284
852,2023-07-16,26,4,3,19.65,197
853,2023-04-29,147,4,4,13.60,119
854,2023-07-14,141,6,9,133.83,195
855,2023-04-30,12,5,5,27.75,120
856,2023-11-03,73,1,2,15.06,307
857,2023-05-11,42,6,5,28.70,131
858,2023-10-09,55,1,9,115.02,282
859,2023-06-07,103,6,2,27.66,158
860,2023-06-14,51,2,6,134.52,165
861,2023-09-03,70,5,4,19.52,246
862,2023-05-18,57,3,3,31.38,138
863,2023-10-27,46,5,3,33.99,300
864,2023-11-07,40,3,7,40.39,311
865,2023-04-01,88,1,2,20.20,91
866,2023-10-23,99,5,6,54.90,296
867,2023-07-09,119,5,7,92.61,190
868,2023-08-16,115,5,2,24.22,228
869,2023-08-21,143,5,8,32.16,233
870,2023-03-26,129,1,1,5.13,85
871,2023-07-25,96,1,1,5.48,206
872,2023-10-23,132,6,8,130.40,296
873,2023-05-19,1,4,5,26.60,139
874,2023-01-01,28,5,7,63.70,1
875,2023-11-06,129,1,8,41.04,310
876,2023-12-23,116,3,6,176.58,357
877,2023-01-04,138,5,2,18.34,4
878,2023-08-11,40,1,8,46.16,223
879,2023-02-27,97,1,5,68.35,58
880,2023-09-18,107,5,5,79.30,261
881,2023-12-15,114,1,3,50.52,349
882,2023-08-22,13,1,6,32.88,234
883,2023-10-12,19,4,1,5.50,285
884,2023-02-09,148,4,7,41.02,40
885,2023-07-19,91,4,9,150.21,200
886,2023-08-14,4,5,6,34.44,226
887,2023-02-19,93,1,2,37.06,50
888,2023-09-26,139,2,9,44.73,269
889,2023-07-27,12,4,4,22.20,208
890,2023-07-02,104,6,5,34.05,183
891,2023-12-06,41,5,1,6.20,340
892,2023-03-13,88,6,1,10.10,72
893,2023-04-24,132,1,6,97.80,114
894,2023-11-01,45,2,8,25.84,305
895,2023-12-03,146,5,4,24.96,337
896,2023-03-26,71,6,3,69.39,85
897,2023-09-11,41,6,3,18.60,254
898,2023-10-30,76,3,6,144.90,303
899,2023-12-05,62,1,2,46.54,339
900,2023-01-19,120,6,4,34.88,19
901,2023-08-01,117,1,3,28.56,213
902,2023-11-16,44,2,6,32.70,320
903,2023-11-25,52,6,2,42.04,329
904,2023-11-23,84,6,4,98.00,327
905,2023-05-28,94,6,2,16.88,148
906,2023-04-14,85,6,5,126.20,104
907,2023-07-09,83,5,9,95.22,190
908,2023-07-06,53,3,1,17.95,187
909,2023-12-18,79,5,6,73.92,352
910,2023-10-05,133,6,7,141.75,278
911,2023-04-26,144,6,7,80.99,116
912,2023-03-30,22,2,6,44.28,89
913,2023-07-13,61,4,4,22.76,194
914,2023-10-20,34,4,6,28.50,293
915,2023-01-17,112,1,2,42.20,17
916,2023-08-08,77,5,1,9.71,220
917,2023-03-07,6,2,6,116.52,66
918,2023-10-30,16,2,3,38.28,303
919,2023-09-19,7,3,6,105.54,262
920,2023-10-05,54,4,4,97.84,278
921,2023-01-23,44,6,2,10.90,23
922,2023-02-06,77,3,6,58.26,37
923,2023-11-24,10,4,3,17.25,328
924,2023-06-03,83,3,4,42.32,154
925,2023-10-28,136,5,1,6.43,301
926,2023-07-02,95,1,4,75.12,183
927,2023-08-18,125,5,6,87.48,230
928,2023-02-24,50,6,8,87.12,55
929,2023-04-02,38,3,3,32.64,92
930,2023-06-22,40,4,6,34.62,173
931,2023-12-25,132,1,5,81.50,359
932,2023-03-15,77,1,5,48.55,74
933,2023-07-11,21,1,6,60.36,192
934,2023-06-26,46,3,3,33.99,177
935,2023-08-22,90,4,9,52.56,234
936,2023-02-08,82,1,6,37.92,39
937,2023-03-10,126,5,4,58.40,69
938,2023-05-12,112,5,2,42.20,132
939,2023-04-06,55,4,5,63.90,96
940,2023-05-09,146,2,3,18.72,129
941,2023-10-31,34,2,3,14.25,304
942,2023-01-19,79,3,7,86.24,19
943,2023-07-27,18,5,5,31.25,208
944,2023-11-09,121,6,5,91.80,313
945,2023-10-06,82,6,7,44.24,279
946,2023-06-30,48,1,4,46.52,181
947,2023-12-26,56,5,2,29.88,360
948,2023-03-30,65,5,4,25.48,89
949,2023-01-15,21,6,2,20.12,15
950,2023-10-08,22,1,2,14.76,281
951,2023-11-28,16,3,1,12.76,332
952,2023-09-05,60,1,3,58.50,248
953,2023-02-18,102,5,9,160.56,49
954,2023-06-09,102,1,9,160.56,160
955,2023-07-11,129,2,2,10.26,192
956,2023-03-01,76,5,3,72.45,60
957,2023-07-07,116,5,2,58.86,188
958,2023-08-13,141,2,9,133.83,225
959,2023-06-19,118,1,4,51.56,170
960,2023-11-01,73,4,1,7.53,305
961,2023-10-15,49,6,4,27.08,288
962,2023-06-30,120,1,9,78.48,181
963,2023-11-04,147,1,7,23.80,308
964,2023-03-20,108,1,4,13.68,79
965,2023-03-30,99,4,5,45.75,89
966,2023-06-06,22,6,1,7.38,157
967,2023-11-29,4,4,4,22.96,333
968,2023-07-23,84,2,2,49.00,204
969,2023-03-19,38,3,6,65.28,78
970,2023-02-26,34,4,9,42.75,57
971,2023-02-12,86,4,6,67.14,43
972,2023-03-04,71,3,9,208.17,63
973,2023-12-05,112,5,5,105.50,339
974,2023-10-31,3,1,1,6.76,304
975,2023-05-19,120,2,7,61.04,139
976,2023-11-06,142,1,4,88.16,310
977,2023-01-05,53,4,8,143.60,5
978,2023-04-09,141,2,4,59.48,99
979,2023-07-03,47,5,7,31.71,184
980,2023-11-17,112,6,7,147.70,321
981,2023-12-08,14,4,5,36.45,342
982,2023-10-06,100,5,3,58.53,279
983,2023-11-05,142,3,9,198.36,309
984,2023-01-19,81,6,9,224.55,19
985,2023-07-25,108,3,3,10.26,206
986,2023-06-06,98,5,4,10.56,157
987,2023-08-07,79,5,5,61.60,219
988,2023-04-26,24,5,4,5.08,116
989,2023-04-23,118,6,5,64.45,113
990,2023-04-01,3,6,9,60.84,91
991,2023-10-29,139,6,6,29.82,302
992,2023-07-25,61,4,6,34.14,206
993,2023-07-26,32,5,5,33.20,207
994,2023-10-31,37,5,7,56.56,304
995,2023-04-02,138,6,9,82.53,92
996,2023-01-11,7,1,1,17.59,11
997,2023-12-17,40,5,7,40.39,351
998,2023-05-21,9,6,8,85.20,141
999,2023-11-26,146,2,6,37.44,330
1000,2023-12-26,36,2,3,25.98,360
1002,2024-03-27,67,5,4,54.04,452
1006,2024-02-01,136,2,8,51.44,397
1011,2024-05-09,129,3,9,46.17,495
1012,2024-03-30,65,5,4,25.48,455
1013,2024-03-29,63,6,4,58.76,454
1019,2024-03-22,138,1,3,27.51,447
1021,2024-04-06,95,3,1,18.78,462
1024,2024-02-19,21,1,3,30.18,415
1025,2024-02-26,51,3,2,44.84,422
1029,2024-03-27,89,3,9,63.72,452
1030,2024-01-15,21,6,2,20.12,380
1031,2024-05-08,52,4,1,21.02,494
1033,2024-02-26,73,4,3,22.59,422
1035,2024-01-09,10,4,3,17.25,374
1038,2024-01-25,26,3,6,39.30,390
1039,2024-01-26,65,5,6,38.22,391
1041,2024-03-16,68,3,9,64.26,441
1044,2024-05-12,112,5,2,42.20,498
1046,2024-04-29,80,6,9,135.18,485
1047,2024-03-01,60,1,9,175.50,426
1050,2024-03-20,105,6,8,97.28,445
1051,2024-01-18,96,1,2,10.96,383
1052,2024-04-29,1,2,3,15.96,485
1055,2024-03-26,105,4,5,60.80,451
1060,2024-04-14,76,5,7,169.05,470
1061,2024-04-12,111,5,5,123.15,468
1067,2024-02-18,102,5,9,160.56,414
1068,2024-04-30,57,6,4,41.84,486
1070,2024-03-06,83,2,1,10.58,431
1073,2024-01-22,60,2,7,136.50,387
1075,2024-01-04,79,3,5,61.60,369
1076,2024-01-17,11,4,6,118.62,382
1083,2024-03-30,99,4,5,45.75,455
1084,2024-01-04,127,3,4,28.36,369
1085,2024-01-12,47,6,3,13.59,377
1086,2024-02-10,27,3,4,67.08,406
1089,2024-01-23,22,1,3,22.14,388
1090,2024-01-27,53,3,1,17.95,392
1093,2024-03-03,115,2,9,108.99,428
1094,2024-01-13,114,1,4,67.36,378
1096,2024-01-09,62,1,2,46.54,374
1098,2024-02-04,126,4,9,131.40,400
1100,2024-03-28,105,1,6,72.96,453
1201,2024-05-09,61,1,6,82.26,495
1202,2024-05-13,14,6,3,35.82,499
1203,2024-02-12,32,3,9,168.48,408
1204,2024-02-01,142,5,6,149.52,397
1205,2024-02-20,82,3,3,45.90,416
1206,2024-05-07,119,6,3,16.26,493
1207,2024-03-15,112,1,9,133.56,440
1208,2024-03-30,141,5,6,129.00,455
1209,2024-01-01,43,3,6,78.96,366
1210,2024-01-06,11,1,8,180.40,371
1211,2024-04-17,137,6,9,118.89,473
1212,2024-01-12,69,2,4,56.72,377
1213,2024-02-10,130,5,7,49.91,406
1214,2024-03-09,111,1,4,24.32,434
1215,2024-03-26,111,4,5,30.40,451
1216,2024-01-20,76,1,6,32.40,385
1217,2024-03-06,123,6,7,107.10,431
1218,2024-04-05,122,6,2,11.56,461
1219,2024-02-18,13,4,5,101.35,414
1220,2024-02-03,122,1,1,5.78,399
1221,2024-01-30,44,5,2,31.32,395
1222,2024-04-06,84,2,2,9.54,462
1223,2024-01-18,16,4,1,11.75,383
1224,2024-03-11,53,3,7,88.34,436
1225,2024-02-16,53,2,5,63.10,412
1226,2024-03-09,77,6,6,73.14,434
1227,2024-01-10,11,3,5,112.75,375
1228,2024-01-25,78,2,6,89.34,390
1229,2024-02-27,96,3,9,61.92,423
1230,2024-01-20,46,6,1,6.33,385
1231,2024-01-27,62,5,2,19.38,392
1232,2024-04-05,58,2,2,48.62,461
1233,2024-01-14,135,3,9,71.82,379
1234,2024-03-14,42,5,1,17.48,439
1235,2024-01-17,35,1,5,84.55,382
1236,2024-02-11,107,6,3,32.97,407
1237,2024-01-27,79,6,1,8.88,392
1238,2024-03-15,50,1,2,12.22,440
1239,2024-01-24,74,6,4,76.92,389
1240,2024-02-10,79,6,8,71.04,406
1241,2024-03-29,87,3,3,53.79,454
1242,2024-05-13,26,6,4,30.88,499
1243,2024-03-14,110,1,2,9.34,439
1244,2024-03-01,63,1,1,10.18,426
1245,2024-01-10,57,1,8,171.52,375
1246,2024-01-10,5,4,4,50.12,375
1247,2024-02-05,80,2,5,18.20,401
1248,2024-04-07,36,1,1,3.71,463
1249,2024-05-02,105,3,8,178.64,488
1250,2024-04-22,25,6,3,32.01,478
1251,2024-01-12,29,5,8,25.52,377
1252,2024-04-19,121,1,3,22.26,475
1253,2024-01-29,109,1,8,187.20,394
1254,2024-01-30,119,3,8,43.36,395
1255,2024-04-26,115,2,2,2.22,482
1256,2024-02-12,95,6,8,189.04,408
1257,2024-01-15,20,6,1,6.39,380
1258,2024-03-04,3,4,6,18.60,429
1259,2024-01-15,49,5,3,11.04,380
1260,2024-02-09,116,6,3,45.39,405
1261,2024-05-06,107,1,9,98.91,492
1262,2024-02-11,17,4,2,18.78,407
1263,2024-02-08,104,6,1,8.21,404
1264,2024-03-25,2,1,1,7.49,450
1265,2024-03-18,51,1,6,83.76,443
1266,2024-05-13,45,3,1,7.22,499
1267,2024-05-11,112,6,4,59.36,497
1268,2024-01-15,45,6,2,14.44,380
1269,2024-01-30,27,2,6,137.46,395
1270,2024-04-30,22,1,9,62.19,486
1271,2024-04-06,25,3,9,96.03,462
1272,2024-05-06,140,1,7,45.22,492
1273,2024-03-11,113,4,2,46.80,436
1274,2024-02-13,8,2,6,141.24,409
1275,2024-03-27,84,6,8,38.16,452
1276,2024-02-27,137,2,4,52.84,423
1277,2024-05-01,118,2,4,79.72,487
1278,2024-01-17,31,4,6,20.52,382
1279,2024-02-08,12,6,9,85.05,404
1280,2024-01-23,91,5,9,175.41,388
1281,2024-01-25,78,2,7,104.23,390
1282,2024-03-30,11,6,6,135.30,455
1283,2024-01-10,56,3,3,19.26,375
1284,2024-01-26,88,1,6,24.42,391
1285,2024-04-16,85,5,1,7.69,472
1286,2024-04-26,17,2,7,65.73,482
1287,2024-02-08,117,1,8,74.16,404
1288,2024-01-18,94,6,1,20.62,383
1289,2024-01-18,78,4,9,134.01,383
1290,2024-05-11,88,3,1,4.07,497
1291,2024-02-27,137,3,4,52.84,423
1292,2024-02-19,76,2,2,10.80,415
1293,2024-04-13,28,4,7,151.41,469
1294,2024-01-24,93,6,6,79.98,389
1295,2024-04-09,69,3,8,113.44,465
1296,2024-03-13,133,4,4,64.76,438
1297,2024-04-20,13,6,1,20.27,476
1298,2024-01-24,26,5,5,38.60,389
1299,2024-04-25,138,1,3,12.54,481
1300,2024-02-18,120,4,8,171.68,414
1301,2024-04-19,52,1,3,56.55,475
1302,2024-04-29,28,1,8,173.04,485
1303,2024-01-26,107,4,3,32.97,391
1304,2024-04-29,7,5,2,24.66,485
1305,2024-05-05,4,5,8,28.96,491
1306,2024-03-13,144,5,2,25.54,438
1307,2024-01-12,107,1,5,54.95,377
1308,2024-03-06,136,1,5,40.10,431
1309,2024-04-22,80,4,3,10.92,478
1310,2024-01-04,27,5,9,206.19,369
1311,2024-03-15,142,6,5,124.60,440
1312,2024-03-14,4,2,8,28.96,439
1313,2024-02-17,37,3,4,26.44,413
1314,2024-05-02,78,5,7,104.23,488
1315,2024-02-02,140,6,2,12.92,398
1316,2024-04-18,36,5,5,18.55,474
1317,2024-04-12,139,4,8,69.52,468
1318,2024-03-17,144,2,1,12.77,442
1319,2024-05-08,132,4,9,68.04,494
1320,2024-01-31,77,6,3,36.57,396
1321,2024-02-08,15,3,1,5.89,404
1322,2024-01-09,48,3,7,67.48,374
1323,2024-01-19,13,3,9,182.43,384
1324,2024-02-14,70,5,7,158.76,410
1325,2024-01-29,131,1,6,54.78,394
1326,2024-02-19,6,5,4,43.72,415
1327,2024-02-19,139,5,3,26.07,415
1328,2024-02-24,80,5,7,25.48,420
1329,2024-01-22,120,4,9,193.14,387
1330,2024-04-15,65,6,1,3.91,471
1331,2024-03-12,142,5,1,24.92,437
1332,2024-01-05,50,4,7,42.77,370
1333,2024-04-11,84,6,1,4.77,467
1334,2024-02-27,111,5,5,30.40,423
1335,2024-05-13,116,1,7,105.91,499
1336,2024-04-05,60,4,6,115.80,461
1337,2024-02-18,107,2,7,76.93,414
1338,2024-04-24,70,3,4,90.72,480
1339,2024-02-01,108,1,8,54.48,397
1340,2024-03-04,65,2,4,15.64,429
1341,2024-03-26,145,4,1,10.09,451
1342,2024-03-10,91,1,7,136.43,435
1343,2024-04-05,25,5,6,64.02,461
1344,2024-02-05,111,5,9,54.72,401
1345,2024-01-25,132,2,8,60.48,390
1346,2024-05-01,11,1,9,202.95,487
1347,2024-01-19,109,5,8,187.20,384
1348,2024-01-02,38,5,2,33.92,367
1349,2024-05-07,6,1,3,32.79,493
1350,2024-01-24,118,3,5,99.65,389
1351,2024-03-04,36,3,5,18.55,429
1352,2024-04-23,58,4,3,72.93,479
1353,2024-01-05,38,3,2,33.92,370
1354,2024-03-14,141,5,4,86.00,439
1355,2024-01-15,126,2,4,20.60,380
1356,2024-05-03,6,4,9,98.37,489
1357,2024-01-11,61,2,6,82.26,376
1358,2024-02-03,97,3,7,94.36,399
1359,2024-03-12,1,6,2,27.18,437
1360,2024-02-14,18,1,9,66.42,410
1361,2024-01-11,66,2,5,15.05,376
1362,2024-04-22,40,4,6,88.08,478
1363,2024-02-23,133,5,9,145.71,419
1364,2024-01-01,148,1,3,30.15,366
1365,2024-05-04,53,6,1,12.62,490
1366,2024-01-07,142,5,2,49.84,372
1367,2024-01-02,126,4,2,10.30,367
1368,2024-03-23,43,6,1,13.16,448
1369,2024-02-11,109,5,2,46.80,407
1370,2024-05-04,20,3,2,12.78,490
1371,2024-03-19,129,3,8,73.60,444
1372,2024-01-17,34,2,6,130.92,382
1373,2024-01-25,102,2,3,63.84,390
1374,2024-04-28,116,4,4,60.52,484
1375,2024-03-04,23,6,8,30.88,429
1376,2024-05-04,47,4,6,25.02,490
1377,2024-01-19,88,6,8,32.56,384
1378,2024-01-28,72,5,4,35.36,393
1379,2024-02-06,18,4,5,36.90,402
1380,2024-03-04,25,5,4,42.68,429
1381,2024-04-22,147,3,5,28.45,478
1382,2024-01-12,112,4,9,133.56,377
1383,2024-02-29,94,4,8,164.96,425
1384,2024-03-31,116,6,3,45.39,456
1385,2024-01-08,130,6,3,21.39,373
1386,2024-02-08,83,5,5,143.90,404
1387,2024-01-16,9,6,6,65.88,381
1388,2024-02-02,52,5,8,150.80,398
1389,2024-02-10,91,4,1,19.49,406
1390,2024-03-08,29,4,7,22.33,433
1391,2024-03-11,22,2,8,55.28,436
1392,2024-04-18,68,2,9,81.72,474
1393,2024-01-30,145,6,1,10.09,395
1394,2024-04-26,105,2,7,156.31,482
1395,2024-02-22,85,4,8,61.52,418
1396,2024-04-07,94,5,6,123.72,463
1397,2024-04-20,91,2,3,58.47,476
1398,2024-03-18,19,6,7,111.72,443
1399,2024-05-06,5,3,9,112.77,492
1400,2024-04-09,115,4,1,1.11,465
1401,2024-03-09,25,3,8,85.36,434
1402,2024-02-17,5,4,1,12.53,413
1403,2024-02-20,34,3,3,65.46,416
1404,2024-02-06,134,5,6,66.24,402
1405,2024-03-11,59,5,7,87.01,436
1406,2024-03-23,123,3,5,76.50,448
1407,2024-03-21,65,5,1,3.91,446
1408,2024-02-09,105,4,2,44.66,405
1409,2024-02-16,27,6,9,206.19,412
1410,2024-02-19,130,4,9,64.17,415
1411,2024-02-06,6,2,6,65.58,402
1412,2024-03-08,108,2,5,34.05,433
1413,2024-02-15,29,5,8,25.52,411
1414,2024-04-09,108,6,3,20.43,465
1415,2024-05-06,12,1,2,18.90,492
1416,2024-01-27,100,3,5,108.15,392
1417,2024-04-04,17,1,7,65.73,460
1418,2024-05-07,8,3,3,70.62,493
1419,2024-05-01,29,5,7,22.33,487
1420,2024-01-14,68,3,6,54.48,379
1421,2024-01-22,80,2,5,18.20,387
1422,2024-03-23,18,4,6,44.28,448
1423,2024-02-14,109,6,8,187.20,410
1424,2024-03-27,30,6,8,102.40,452
1425,2024-02-02,123,3,6,91.80,398
1426,2024-01-31,127,6,7,77.70,396
1427,2024-02-24,85,1,9,69.21,420
1428,2024-03-14,25,4,5,53.35,439
1429,2024-03-31,57,6,5,107.20,456
1430,2024-01-29,114,2,5,16.60,394
1431,2024-03-07,42,1,5,87.40,432
1432,2024-02-23,79,4,1,8.88,419
1433,2024-02-03,93,2,6,79.98,399
1434,2024-03-02,147,1,1,5.69,427
1435,2024-05-07,36,2,4,14.84,493
1436,2024-01-24,103,1,8,53.04,389
1437,2024-04-09,20,1,7,44.73,465
1438,2024-03-05,106,3,7,27.02,430
1439,2024-02-11,18,3,1,7.38,407
1440,2024-01-04,144,5,2,25.54,369
1441,2024-04-19,114,2,3,9.96,475
1442,2024-04-23,32,5,4,74.88,479
1443,2024-02-22,110,1,4,18.68,418
1444,2024-03-10,121,4,8,59.36,435
1445,2024-03-13,127,4,4,44.40,438
1446,2024-04-14,60,6,6,115.80,470
1447,2024-03-25,20,1,3,19.17,450
1448,2024-01-25,81,4,8,50.88,390
1449,2024-03-16,51,2,7,97.72,441
1450,2024-01-23,135,5,2,15.96,388
1451,2024-01-24,4,2,8,28.96,389
1452,2024-01-21,49,3,8,29.44,386
1453,2024-04-12,136,5,6,48.12,468
1454,2024-03-02,142,3,3,74.76,427
1455,2024-01-25,103,4,6,39.78,390
1456,2024-04-10,78,6,7,104.23,466
1457,2024-01-18,89,3,4,40.76,383
1458,2024-03-02,20,6,6,38.34,427
1459,2024-02-21,72,4,3,26.52,417
1460,2024-03-07,104,5,3,24.63,432
1461,2024-01-14,109,6,3,70.20,379
1462,2024-05-04,104,3,9,73.89,490
1463,2024-04-26,125,5,8,46.40,482
1464,2024-01-17,115,5,1,1.11,382
1465,2024-01-25,60,4,3,57.90,390
1466,2024-02-02,35,6,4,67.64,398
1467,2024-02-15,127,5,9,99.90,411
1468,2024-04-25,9,6,3,32.94,481
1469,2024-04-14,49,2,7,25.76,470
1470,2024-02-23,38,1,1,16.96,419
1471,2024-03-21,104,6,3,24.63,446
1472,2024-03-18,112,3,9,133.56,443
1473,2024-03-28,97,4,7,94.36,453
1474,2024-02-16,87,2,9,161.37,412
1475,2024-05-03,27,1,7,160.37,489
1476,2024-04-08,114,1,4,13.28,464
1477,2024-01-07,58,3,8,194.48,372
1478,2024-04-21,26,1,6,46.32,477
1479,2024-02-08,35,6,9,152.19,404
1480,2024-03-26,29,2,6,19.14,451
1481,2024-02-17,128,5,7,151.27,413
1482,2024-04-20,77,2,1,12.19,476
1483,2024-01-26,21,3,7,134.33,391
1484,2024-03-20,130,5,4,28.52,445
1485,2024-03-21,113,2,5,117.00,446
1486,2024-02-04,119,4,6,32.52,400
1487,2024-04-03,121,3,6,44.52,459
1488,2024-02-12,62,5,1,9.69,408
1489,2024-02-14,111,1,7,42.56,410
1490,2024-04-24,128,4,8,172.88,480
1491,2024-02-19,86,6,7,153.30,415
1492,2024-04-25,149,4,2,15.12,481
1493,2024-03-27,112,4,7,103.88,452
1494,2024-03-23,36,3,1,3.71,448
1495,2024-05-02,112,4,8,118.72,488
1496,2024-02-02,4,3,7,25.34,398
1497,2024-04-14,77,5,7,85.33,470
1498,2024-04-05,127,5,6,66.60,461
1499,2024-03-16,138,6,3,12.54,441
1500,2024-01-15,128,6,7,151.27,380
1501,2024-01-29,112,3,1,14.84,394
1502,2024-03-20,69,2,4,56.72,445
1503,2024-01-06,5,5,9,112.77,371
1504,2024-03-07,122,1,9,52.02,432
1505,2024-03-08,31,6,1,3.42,433
1506,2024-03-10,23,1,4,15.44,435
1507,2024-02-08,33,1,4,43.64,404
1508,2024-03-08,44,2,6,93.96,433
1509,2024-04-18,52,1,2,37.70,474
1510,2024-02-28,47,3,6,25.02,424
1511,2024-03-10,115,5,3,3.33,435
1512,2024-03-23,132,1,3,22.68,448
1513,2024-03-14,131,2,5,45.65,439
1514,2024-02-29,20,4,5,31.95,425
1515,2024-01-14,137,5,3,39.63,379
1516,2024-03-09,59,5,3,37.29,434
1517,2024-03-28,12,6,5,47.25,453
1518,2024-02-16,112,2,8,118.72,412
1519,2024-01-14,85,5,7,53.83,379
1520,2024-05-09,43,4,9,118.44,495
1521,2024-01-09,65,6,7,27.37,374
1522,2024-01-23,89,4,9,91.71,388
1523,2024-01-13,30,1,9,115.20,378
1524,2024-02-20,46,3,8,50.64,416
1525,2024-01-15,71,4,6,59.34,380
1526,2024-05-13,53,5,6,75.72,499
1527,2024-01-07,128,6,3,64.83,372
1528,2024-01-19,20,2,4,25.56,384
1529,2024-03-30,25,2,5,53.35,455
1530,2024-05-07,10,2,4,64.64,493
1531,2024-01-21,73,2,4,20.92,386
1532,2024-03-23,84,1,8,38.16,448
1533,2024-03-11,110,3,7,32.69,436
1534,2024-05-14,1,4,1,13.59,500
1535,2024-04-10,113,6,6,140.40,466
1536,2024-01-08,100,2,5,108.15,373
1537,2024-01-06,97,1,4,53.92,371
1538,2024-04-15,145,6,6,60.54,471
1539,2024-04-20,42,6,5,87.40,476
1540,2024-04-01,69,3,4,56.72,457
1541,2024-05-13,124,4,7,60.27,499
1542,2024-04-08,114,2,4,13.28,464
1543,2024-01-12,66,4,5,15.05,377
1544,2024-01-12,26,2,9,69.48,377
1545,2024-05-07,68,5,7,63.56,493
1546,2024-02-08,14,1,9,107.46,404
1547,2024-05-05,21,5,8,153.52,491
1548,2024-05-01,53,3,9,113.58,487
1549,2024-04-03,148,3,6,60.30,459
1550,2024-02-17,2,2,8,59.92,413
1551,2024-05-09,140,4,9,58.14,495
1552,2024-03-30,27,6,2,45.82,455
1553,2024-03-19,4,2,6,21.72,444
1554,2024-03-29,112,6,2,29.68,454
1555,2024-02-19,142,1,9,224.28,415
1556,2024-01-21,63,5,3,30.54,386
1557,2024-03-17,7,1,1,12.33,442
1558,2024-02-21,79,1,8,71.04,417
1559,2024-02-20,79,3,8,71.04,416
1560,2024-03-21,69,5,3,42.54,446
1561,2024-01-06,127,4,7,77.70,371
1562,2024-01-19,63,6,5,50.90,384
1563,2024-01-24,48,4,1,9.64,389
1564,2024-01-01,31,1,4,13.68,366
1565,2024-05-03,30,5,8,102.40,489
1566,2024-05-08,108,3,5,34.05,494
1567,2024-01-10,1,1,9,122.31,375
1568,2024-05-07,79,1,8,71.04,493
1569,2024-03-19,17,6,3,28.17,444
1570,2024-04-11,8,2,6,141.24,467
1571,2024-02-11,18,4,9,66.42,407
1572,2024-01-02,88,6,6,24.42,367
1573,2024-01-23,4,5,2,7.24,388
1574,2024-04-30,85,6,4,30.76,486
1575,2024-01-05,96,3,3,20.64,370
1576,2024-01-02,149,6,7,52.92,367
1577,2024-01-12,92,4,1,16.77,377
1578,2024-01-07,98,5,2,46.76,372
1579,2024-03-31,38,6,6,101.76,456
1580,2024-02-20,75,1,3,70.05,416
1581,2024-05-12,41,2,3,11.40,498
1582,2024-05-10,125,6,9,52.20,496
1583,2024-02-06,116,1,2,30.26,402
1584,2024-02-25,123,3,8,122.40,421
1585,2024-02-29,9,3,6,65.88,425
1586,2024-01-20,2,3,2,14.98,385
1587,2024-01-06,53,5,9,113.58,371
1588,2024-03-13,1,3,1,13.59,438
1589,2024-01-31,132,1,5,37.80,396
1590,2024-01-02,51,6,4,55.84,367
1591,2024-04-11,63,6,5,50.90,467
1592,2024-03-11,98,4,9,210.42,436
1593,2024-02-21,41,4,2,7.60,417
1594,2024-02-01,113,6,7,163.80,397
1595,2024-03-08,12,2,7,66.15,433
1596,2024-03-26,14,3,5,59.70,451
1597,2024-03-27,33,4,6,65.46,452
1598,2024-03-22,85,3,9,69.21,447
1599,2024-01-03,113,3,3,70.20,368
1600,2024-04-18,150,2,4,35.52,474
1601,2024-03-10,103,2,7,46.41,435
1602,2024-02-12,39,1,8,80.32,408
1603,2024-01-07,63,3,3,30.54,372
1604,2024-02-10,44,1,1,15.66,406
1605,2024-03-19,114,5,8,26.56,444
1606,2024-04-27,111,5,6,36.48,483
1607,2024-02-22,87,5,5,89.65,418
1608,2024-05-03,26,1,6,46.32,489
1609,2024-03-13,7,5,4,49.32,438
1610,2024-03-02,39,5,8,80.32,427
1611,2024-01-23,55,1,5,80.75,388
1612,2024-01-05,4,1,6,21.72,370
1613,2024-01-10,45,3,8,57.76,375
1614,2024-04-19,127,3,6,66.60,475
1615,2024-04-12,136,4,5,40.10,468
1616,2024-01-07,42,4,3,52.44,372
1617,2024-04-11,103,1,3,19.89,467
1618,2024-03-30,30,6,7,89.60,455
1619,2024-03-11,33,5,4,43.64,436
1620,2024-01-11,5,3,2,25.06,376
1621,2024-02-06,20,4,9,57.51,402
1622,2024-04-27,67,2,1,22.55,483
1623,2024-01-05,73,1,8,41.84,370
1624,2024-03-04,136,5,4,32.08,429
1625,2024-02-01,146,1,7,42.14,397
1626,2024-01-15,79,4,1,8.88,380
1627,2024-03-16,50,1,2,12.22,441
1628,2024-01-11,49,1,6,22.08,376
1629,2024-03-28,20,5,3,19.17,453
1630,2024-04-27,110,4,5,23.35,483
1631,2024-02-18,118,5,6,119.58,414
1632,2024-04-01,53,1,5,63.10,457
1633,2024-02-13,20,3,6,38.34,409
1634,2024-03-02,8,1,5,117.70,427
1635,2024-01-05,12,5,1,9.45,370
1636,2024-04-10,129,2,9,82.80,466
1637,2024-05-14,2,2,7,52.43,500
1638,2024-05-07,144,4,3,38.31,493
1639,2024-04-25,92,6,9,150.93,481
1640,2024-03-09,67,2,9,202.95,434
1641,2024-02-25,51,4,6,83.76,421
1642,2024-01-22,59,1,6,74.58,387
1643,2024-02-06,74,1,2,38.46,402
1644,2024-02-05,27,2,2,45.82,401
1645,2024-05-03,68,2,2,18.16,489
1646,2024-05-07,15,4,5,29.45,493
1647,2024-04-25,36,5,9,33.39,481
1648,2024-01-06,96,6,9,61.92,371
1649,2024-04-02,78,6,7,104.23,458
1650,2024-01-25,88,3,5,20.35,390
1651,2024-04-29,69,1,1,14.18,485
1652,2024-04-06,25,4,4,42.68,462
1653,2024-04-17,114,1,1,3.32,473
1654,2024-03-10,52,4,4,75.40,435
1655,2024-04-30,146,6,4,24.08,486
1656,2024-03-11,73,4,7,36.61,436
1657,2024-01-26,104,1,9,73.89,391
1658,2024-01-17,61,5,9,123.39,382
1659,2024-03-11,71,4,1,9.89,436
1660,2024-02-03,117,1,5,46.35,399
1661,2024-05-03,40,4,7,102.76,489
1662,2024-02-20,75,6,4,93.40,416
1663,2024-03-28,101,6,3,47.91,453
1664,2024-01-28,92,6,9,150.93,393
1665,2024-03-26,72,2,8,70.72,451
1666,2024-04-28,72,3,8,70.72,484
1667,2024-02-08,17,6,7,65.73,404
1668,2024-02-10,15,3,8,47.12,406
1669,2024-01-02,84,3,2,9.54,367
1670,2024-02-01,17,2,8,75.12,397
1671,2024-04-24,9,3,7,76.86,480
1672,2024-03-26,55,2,7,113.05,451
1673,2024-01-30,49,3,2,7.36,395
1674,2024-01-04,35,3,7,118.37,369
1675,2024-05-10,108,4,6,40.86,496
1676,2024-04-08,30,4,7,89.60,464
1677,2024-01-01,55,3,5,80.75,366
1678,2024-02-03,34,5,1,21.82,399
1679,2024-01-01,119,1,7,37.94,366
1680,2024-01-23,121,6,3,22.26,388
1681,2024-02-28,43,4,5,65.80,424
1682,2024-01-07,21,3,6,115.14,372
1683,2024-04-05,43,1,8,105.28,461
1684,2024-02-25,72,4,5,44.20,421
1685,2024-02-13,38,6,5,84.80,409
1686,2024-04-01,43,4,6,78.96,457
1687,2024-03-19,56,6,8,51.36,444
1688,2024-02-07,92,6,6,100.62,403
1689,2024-03-15,143,3,9,135.00,440
1690,2024-01-11,81,4,1,6.36,376
1691,2024-02-05,31,2,2,6.84,401
1692,2024-01-26,24,4,3,8.88,391
1693,2024-02-04,122,4,5,28.90,400
1694,2024-02-14,101,3,8,127.76,410
1695,2024-02-22,97,6,5,67.40,418
1696,2024-01-01,22,1,7,48.37,366
1697,2024-03-20,55,4,4,64.60,445
1698,2024-02-19,60,1,4,77.20,415
1699,2024-03-13,68,5,2,18.16,438
1700,2024-02-06,34,5,4,87.28,402
1701,2024-02-19,103,3,3,19.89,415
1702,2024-03-17,37,4,5,33.05,442
1703,2024-01-12,11,5,4,90.20,377
1704,2024-02-29,22,5,2,13.82,425
1705,2024-05-06,141,6,9,193.50,492
1706,2024-04-20,132,4,5,37.80,476
1707,2024-02-16,94,2,6,123.72,412
1708,2024-03-11,33,2,4,43.64,436
1709,2024-03-10,52,2,7,131.95,435
1710,2024-05-02,17,6,5,46.95,488
1711,2024-03-16,119,5,3,16.26,441
1712,2024-04-02,72,1,7,61.88,458
1713,2024-01-29,50,1,8,48.88,394
1714,2024-03-09,115,3,1,1.11,434
1715,2024-02-27,78,2,3,44.67,423
1716,2024-02-17,89,4,9,91.71,413
1717,2024-02-17,141,3,3,64.50,413
1718,2024-01-08,5,6,5,62.65,373
1719,2024-02-09,79,4,1,8.88,405
1720,2024-01-01,107,6,2,21.98,366
1721,2024-01-26,75,3,5,116.75,391
1722,2024-01-13,91,6,3,58.47,378
1723,2024-01-10,66,3,9,27.09,375
1724,2024-03-25,142,4,8,199.36,450
1725,2024-04-18,106,1,7,27.02,474
1726,2024-01-08,83,5,8,230.24,373
1727,2024-03-13,148,2,6,60.30,438
1728,2024-03-13,23,2,7,27.02,438
1729,2024-04-24,89,5,8,81.52,480
1730,2024-03-13,109,6,4,93.60,438
1731,2024-05-11,106,5,8,30.88,497
1732,2024-03-24,32,3,5,93.60,449
1733,2024-02-11,49,5,5,18.40,407
1734,2024-05-13,120,4,6,128.76,499
1735,2024-04-04,138,2,3,12.54,460
1736,2024-01-29,103,3,9,59.67,394
1737,2024-04-02,100,1,5,108.15,458
1738,2024-02-09,53,3,5,63.10,405
1739,2024-03-29,50,2,2,12.22,454
1740,2024-01-17,57,6,5,107.20,382
1741,2024-04-13,81,1,9,57.24,469
1742,2024-02-02,77,2,8,97.52,398
1743,2024-04-26,1,5,8,108.72,482
1744,2024-05-03,69,4,3,42.54,489
1745,2024-03-07,81,2,4,25.44,432
1746,2024-01-24,8,4,6,141.24,389
1747,2024-03-16,34,5,8,174.56,441
1748,2024-03-20,24,3,3,8.88,445
1749,2024-02-21,49,5,6,22.08,417
1750,2024-04-30,145,3,8,80.72,486
1751,2024-05-12,1,4,1,13.59,498
1752,2024-05-05,35,5,1,16.91,491
1753,2024-05-10,13,5,9,182.43,496
1754,2024-04-11,132,6,8,60.48,467
1755,2024-02-22,31,6,6,20.52,418
1756,2024-03-19,91,2,2,38.98,444
1757,2024-02-10,53,6,2,25.24,406
1758,2024-01-05,4,4,2,7.24,370
1759,2024-03-15,86,4,7,153.30,440
1760,2024-02-19,65,5,3,11.73,415
1761,2024-04-29,133,6,1,16.19,485
1762,2024-01-07,87,5,1,17.93,372
1763,2024-03-04,94,1,4,82.48,429
1764,2024-02-07,60,5,7,135.10,403
1765,2024-02-26,8,3,8,188.32,422
1766,2024-04-04,13,5,5,101.35,460
1767,2024-02-20,146,4,3,18.06,416
1768,2024-01-01,125,6,4,23.20,366
1769,2024-03-06,94,3,1,20.62,431
1770,2024-04-05,118,1,1,19.93,461
1771,2024-01-22,69,6,6,85.08,387
1772,2024-04-22,134,6,2,22.08,478
1773,2024-03-27,144,5,9,114.93,452
1774,2024-03-03,97,6,6,80.88,428
1775,2024-01-18,43,3,4,52.64,383
1776,2024-01-29,132,2,8,60.48,394
1777,2024-03-26,14,4,2,23.88,451
1778,2024-04-05,21,3,2,38.38,461
1779,2024-03-29,132,1,8,60.48,454
1780,2024-04-01,100,6,2,43.26,457
1781,2024-03-29,36,1,7,25.97,454
1782,2024-05-04,10,3,4,64.64,490
1783,2024-05-10,7,1,6,73.98,496
1784,2024-01-03,123,2,3,45.90,368
1785,2024-04-15,94,1,3,61.86,471
1786,2024-04-20,95,6,4,94.52,476
1787,2024-02-23,137,5,9,118.89,419
1788,2024-04-22,42,6,3,52.44,478
1789,2024-04-01,62,4,9,87.21,457
1790,2024-03-21,117,2,6,55.62,446
1791,2024-02-19,101,1,9,143.73,415
1792,2024-01-29,16,1,3,35.25,394
1793,2024-02-15,81,3,5,31.80,411
1794,2024-04-12,6,4,9,98.37,468
1795,2024-01-26,81,3,6,38.16,391
1796,2024-03-04,87,2,1,17.93,429
1797,2024-03-29,135,4,8,63.84,454
1798,2024-02-09,18,2,8,59.04,405
1799,2024-04-28,97,6,6,80.88,484
1800,2024-03-01,143,3,3,45.00,426
1801,2024-01-10,36,5,4,14.84,375
1802,2024-01-25,56,2,3,19.26,390
1803,2024-04-20,28,6,1,21.63,476
1804,2024-04-20,12,6,9,85.05,476
1805,2024-05-06,100,5,9,194.67,492
1806,2024-03-05,11,2,4,90.20,430
1807,2024-03-26,107,1,6,65.94,451
1808,2024-03-25,119,2,6,32.52,450
1809,2024-03-17,44,6,5,78.30,442
1810,2024-05-02,139,4,6,52.14,488
1811,2024-02-25,1,4,8,108.72,421
1812,2024-05-09,61,6,8,109.68,495
1813,2024-01-10,66,6,7,21.07,375
1814,2024-01-23,119,1,4,21.68,388
1815,2024-01-10,29,1,2,6.38,375
1816,2024-04-05,27,2,4,91.64,461
1817,2024-01-09,83,1,5,143.90,374
1818,2024-01-31,31,6,1,3.42,396
1819,2024-03-03,80,2,6,21.84,428
1820,2024-04-28,9,1,9,98.82,484
1821,2024-02-24,113,3,6,140.40,420
1822,2024-01-13,6,3,2,21.86,378
1823,2024-05-01,6,5,9,98.37,487
1824,2024-03-12,7,4,2,24.66,437
1825,2024-02-21,25,2,8,85.36,417
1826,2024-03-26,57,4,7,150.08,451
1827,2024-01-24,30,6,2,25.60,389
1828,2024-01-31,106,1,9,34.74,396
1829,2024-02-07,60,6,6,115.80,403
1830,2024-02-18,58,4,7,170.17,414
1831,2024-03-11,91,4,4,77.96,436
1832,2024-03-22,119,2,4,21.68,447
1833,2024-01-03,85,1,6,46.14,368
1834,2024-05-02,53,6,4,50.48,488
1835,2024-03-16,61,4,7,95.97,441
1836,2024-01-13,130,6,9,64.17,378
1837,2024-01-19,92,5,7,117.39,384
1838,2024-02-25,24,5,3,8.88,421
1839,2024-04-19,119,2,2,10.84,475
1840,2024-02-15,61,5,5,68.55,411
1841,2024-02-05,136,3,8,64.16,401
1842,2024-01-19,134,2,4,44.16,384
1843,2024-03-18,6,4,1,10.93,443
1844,2024-03-02,140,1,2,12.92,427
1845,2024-02-01,82,1,2,30.60,397
1846,2024-03-17,11,1,8,180.40,442
1847,2024-04-12,118,1,7,139.51,468
1848,2024-05-10,149,5,8,60.48,496
1849,2024-04-16,25,5,7,74.69,472
1850,2024-03-23,70,5,7,158.76,448
1851,2024-01-27,35,5,5,84.55,392
1852,2024-01-20,15,5,2,11.78,385
1853,2024-01-20,7,4,2,24.66,385
1854,2024-01-06,143,1,5,75.00,371
1855,2024-04-23,84,5,9,42.93,479
1856,2024-04-08,124,6,4,34.44,464
1857,2024-02-20,39,6,9,90.36,416
1858,2024-04-25,58,4,6,145.86,481
1859,2024-03-04,90,4,3,43.44,429
1860,2024-04-14,134,1,1,11.04,470
1861,2024-03-24,120,2,1,21.46,449
1862,2024-04-26,63,4,6,61.08,482
1863,2024-02-11,74,1,8,153.84,407
1864,2024-01-18,76,5,1,5.40,383
1865,2024-03-26,109,3,9,210.60,451
1866,2024-01-31,145,6,5,50.45,396
1867,2024-03-25,82,1,1,15.30,450
1868,2024-01-18,51,1,5,69.80,383
1869,2024-03-29,77,1,5,60.95,454
1870,2024-01-06,32,1,6,112.32,371
1871,2024-02-07,129,6,8,73.60,403
1872,2024-05-12,86,6,4,87.60,498
1873,2024-02-01,112,6,6,89.04,397
1874,2024-04-07,15,2,5,29.45,463
1875,2024-01-06,136,6,6,48.12,371
1876,2024-02-14,106,3,4,15.44,410
1877,2024-04-15,62,5,5,48.45,471
1878,2024-03-07,53,6,9,113.58,432
1879,2024-02-19,144,6,7,89.39,415
1880,2024-04-04,71,2,5,49.45,460
1881,2024-04-19,17,6,9,84.51,475
1882,2024-03-29,149,2,6,45.36,454
1883,2024-05-04,129,4,2,18.40,490
1884,2024-01-02,103,3,2,13.26,367
1885,2024-04-07,63,4,6,61.08,463
1886,2024-01-06,32,4,8,149.76,371
1887,2024-03-25,2,2,5,37.45,450
1888,2024-01-02,21,6,3,57.57,367
1889,2024-01-11,65,4,4,15.64,376
1890,2024-02-16,43,6,7,92.12,412
1891,2024-04-21,94,2,9,185.58,477
1892,2024-03-02,60,4,5,96.50,427
1893,2024-03-07,67,1,9,202.95,432
1894,2024-02-03,77,4,8,97.52,399
1895,2024-04-27,27,2,3,68.73,483
1896,2024-03-10,124,6,6,51.66,435
1897,2024-04-06,130,2,5,35.65,462
1898,2024-04-06,75,3,7,163.45,462
1899,2024-02-10,6,3,7,76.51,406
1900,2024-05-05,108,5,8,54.48,491
1901,2024-04-09,140,2,9,58.14,465
1902,2024-02-08,44,3,4,62.64,404
1903,2024-02-12,51,2,1,13.96,408
1904,2024-03-28,13,4,8,162.16,453
1905,2024-02-29,64,5,4,59.28,425
1906,2024-01-10,118,1,7,139.51,375
1907,2024-04-10,4,3,6,21.72,466
1908,2024-03-04,31,5,7,23.94,429
1909,2024-05-03,65,1,6,23.46,489
1910,2024-03-16,14,5,5,59.70,441
1911,2024-05-12,85,2,8,61.52,498
1912,2024-03-25,36,4,2,7.42,450
1913,2024-01-11,114,3,2,6.64,376
1914,2024-03-14,129,5,9,82.80,439
1915,2024-04-23,21,5,4,76.76,479
1916,2024-04-25,114,1,8,26.56,481
1917,2024-02-05,66,2,9,27.09,401
1918,2024-04-04,121,6,9,66.78,460
1919,2024-02-05,69,6,7,99.26,401
1920,2024-03-08,114,4,9,29.88,433
1921,2024-05-02,129,1,4,36.80,488
1922,2024-01-12,92,6,7,117.39,377
1923,2024-02-23,125,1,4,23.20,419
1924,2024-01-29,105,1,8,178.64,394
1925,2024-01-25,42,1,5,87.40,390
1926,2024-01-23,103,1,4,26.52,388
1927,2024-04-05,31,4,4,13.68,461
1928,2024-05-09,37,1,8,52.88,495
1929,2024-02-07,121,1,1,7.42,403
1930,2024-02-02,110,6,3,14.01,398
1931,2024-04-12,11,6,9,202.95,468
1932,2024-02-11,105,2,9,200.97,407
1933,2024-01-07,77,6,5,60.95,372
1934,2024-01-13,68,2,6,54.48,378
1935,2024-03-28,73,4,6,31.38,453
1936,2024-05-01,117,1,2,18.54,487
1937,2024-03-03,81,1,2,12.72,428
1938,2024-01-18,37,4,1,6.61,383
1939,2024-02-17,69,2,7,99.26,413
1940,2024-03-02,90,5,6,86.88,427
1941,2024-05-12,31,3,4,13.68,498
1942,2024-01-01,35,5,5,84.55,366
1943,2024-05-13,66,2,5,15.05,499
1944,2024-03-02,24,4,3,8.88,427
1945,2024-04-20,71,4,2,19.78,476
1946,2024-05-07,123,3,9,137.70,493
1947,2024-04-03,21,2,2,38.38,459
1948,2024-05-10,72,4,8,70.72,496
1949,2024-01-31,56,1,7,44.94,396
1950,2024-04-21,97,6,1,13.48,477
1951,2024-02-06,120,4,2,42.92,402
1952,2024-03-19,56,3,6,38.52,444
1953,2024-04-29,57,4,8,171.52,485
1954,2024-01-19,45,3,1,7.22,384
1955,2024-03-11,28,3,7,151.41,436
1956,2024-04-12,137,4,6,79.26,468
1957,2024-04-24,79,1,2,17.76,480
1958,2024-01-26,129,5,8,73.60,391
1959,2024-01-01,145,6,9,90.81,366
1960,2024-05-01,10,6,6,96.96,487
1961,2024-02-28,84,2,6,28.62,424
1962,2024-01-01,84,6,6,28.62,366
1963,2024-03-10,17,6,5,46.95,435
1964,2024-03-31,1,4,2,27.18,456
1965,2024-05-12,135,1,8,63.84,498
1966,2024-04-24,57,1,1,21.44,480
1967,2024-01-05,143,4,6,90.00,370
1968,2024-03-06,147,4,9,51.21,431
1969,2024-04-14,111,5,8,48.64,470
1970,2024-05-05,112,2,5,74.20,491
1971,2024-02-15,91,4,3,58.47,411
1972,2024-04-16,107,5,2,21.98,472
1973,2024-02-16,39,3,2,20.08,412
1974,2024-03-10,20,5,4,25.56,435
1975,2024-03-29,69,1,2,28.36,454
1976,2024-04-14,59,3,6,74.58,470
1977,2024-01-13,75,4,9,210.15,378
1978,2024-01-18,8,2,7,164.78,383
1979,2024-01-22,77,4,1,12.19,387
1980,2024-02-16,86,2,1,21.90,412
1981,2024-01-20,113,5,9,210.60,385
1982,2024-05-12,6,5,6,65.58,498
1983,2024-04-26,77,5,5,60.95,482
1984,2024-04-02,115,5,5,5.55,458
1985,2024-01-19,3,5,7,21.70,384
1986,2024-05-02,16,2,4,47.00,488
1987,2024-01-12,54,6,5,29.45,377
1988,2024-03-05,61,4,8,109.68,430
1989,2024-04-17,17,5,3,28.17,473
1990,2024-03-14,145,1,9,90.81,439
1991,2024-04-02,92,3,4,67.08,458
1992,2024-02-23,38,2,5,84.80,419
1993,2024-01-20,63,4,5,50.90,385
1994,2024-02-27,129,6,1,9.20,423
1995,2024-01-14,12,4,8,75.60,379
1996,2024-02-24,93,2,7,93.31,420
1997,2024-01-18,9,1,4,43.92,383
1998,2024-01-01,15,4,7,41.23,366
1999,2024-02-04,41,2,6,22.80,400
2000,2024-01-25,98,5,7,163.66,390
2001,2024-01-13,100,2,9,194.67,378
2002,2024-03-11,94,4,5,103.10,436
2003,2024-04-01,7,1,2,24.66,457
2004,2024-01-20,5,6,9,112.77,385
2005,2024-02-16,27,1,7,160.37,412
2006,2024-03-01,119,4,6,32.52,426
2007,2024-02-03,16,4,3,35.25,399
2008,2024-05-02,34,4,6,130.92,488
2009,2024-04-16,97,4,3,40.44,472
2010,2024-03-26,61,3,5,68.55,451
2011,2024-03-22,66,5,8,24.08,447
2012,2024-04-10,72,3,5,44.20,466
2013,2024-01-17,119,4,3,16.26,382
2014,2024-02-06,57,3,4,85.76,402
2015,2024-02-11,124,3,9,77.49,407
2016,2024-04-30,29,6,4,12.76,486
2017,2024-02-01,78,1,9,134.01,397
2018,2024-05-09,126,6,3,15.45,495
2019,2024-04-30,132,4,6,45.36,486
2020,2024-04-27,20,4,2,12.78,483
2021,2024-03-29,131,2,5,45.65,454
2022,2024-04-07,85,5,7,53.83,463
2023,2024-01-08,35,2,4,67.64,373
2024,2024-02-10,85,1,2,15.38,406
2025,2024-04-06,18,2,8,59.04,462
2026,2024-01-13,37,1,9,59.49,378
2027,2024-04-21,134,6,4,44.16,477
2028,2024-02-27,121,3,2,14.84,423
2029,2024-02-25,123,1,1,15.30,421
2030,2024-03-29,73,2,1,5.23,454
2031,2024-01-24,109,2,1,23.40,389
2032,2024-04-23,102,2,5,106.40,479
2033,2024-03-24,133,3,5,80.95,449
2034,2024-01-27,17,6,6,56.34,392
2035,2024-01-26,68,6,3,27.24,391
2036,2024-04-28,118,1,2,39.86,484
2037,2024-04-13,52,4,4,75.40,469
2038,2024-03-10,150,1,3,26.64,435
2039,2024-01-28,88,2,7,28.49,393
2040,2024-04-27,130,5,3,21.39,483
2041,2024-02-11,44,2,2,31.32,407
2042,2024-04-20,126,6,3,15.45,476
2043,2024-03-02,136,4,4,32.08,427
2044,2024-02-04,141,5,7,150.50,400
2045,2024-01-03,137,3,9,118.89,368
2046,2024-03-17,76,5,3,16.20,442
2047,2024-01-18,16,3,4,47.00,383
2048,2024-05-08,112,1,8,118.72,494
2049,2024-01-29,48,5,8,77.12,394
2050,2024-01-27,60,1,7,135.10,392
2051,2024-03-13,63,6,2,20.36,438
2052,2024-02-04,60,6,9,173.70,400
2053,2024-01-08,7,4,1,12.33,373
2054,2024-03-23,34,5,1,21.82,448
2055,2024-01-15,1,1,7,95.13,380
2056,2024-02-07,94,5,2,41.24,403
2057,2024-04-18,36,3,1,3.71,474
2058,2024-05-06,142,2,5,124.60,492
2059,2024-05-05,61,6,3,41.13,491
2060,2024-04-24,98,5,3,70.14,480
2061,2024-02-29,67,6,7,157.85,425
2062,2024-03-01,133,3,5,80.95,426
2063,2024-02-10,92,4,2,33.54,406
2064,2024-02-18,118,4,9,179.37,414
2065,2024-04-01,31,6,1,3.42,457
2066,2024-01-24,35,2,5,84.55,389
2067,2024-05-05,93,3,8,106.64,491
2068,2024-02-23,33,6,2,21.82,419
2069,2024-01-07,121,5,6,44.52,372
2070,2024-01-10,66,6,2,6.02,375
2071,2024-01-17,104,2,1,8.21,382
2072,2024-04-15,66,3,9,27.09,471
2073,2024-05-05,10,6,9,145.44,491
2074,2024-03-19,94,6,5,103.10,444
2075,2024-04-26,103,5,9,59.67,482
2076,2024-03-04,90,5,1,14.48,429
2077,2024-02-02,46,5,7,44.31,398
2078,2024-04-17,104,2,7,57.47,473
2079,2024-02-03,123,2,9,137.70,399
2080,2024-02-07,126,4,7,36.05,403
2081,2024-03-21,40,2,8,117.44,446
2082,2024-01-14,122,3,7,40.46,379
2083,2024-05-11,76,6,8,43.20,497
2084,2024-03-05,141,3,2,43.00,430
2085,2024-01-12,96,2,2,13.76,377
2086,2024-02-29,47,1,7,29.19,425
2087,2024-03-24,148,5,6,60.30,449
2088,2024-02-23,8,3,5,117.70,419
2089,2024-03-02,24,1,4,11.84,427
2090,2024-01-21,9,5,2,21.96,386
2091,2024-05-12,116,6,5,75.65,498
2092,2024-05-06,104,4,9,73.89,492
2093,2024-01-13,86,3,7,153.30,378
2094,2024-03-25,90,1,4,57.92,450
2095,2024-01-27,31,3,6,20.52,392
2096,2024-04-26,88,6,5,20.35,482
2097,2024-02-28,27,2,9,206.19,424
2098,2024-03-30,108,2,3,20.43,455
2099,2024-05-12,102,4,1,21.28,498
2100,2024-01-19,67,3,3,67.65,384
2101,2024-02-23,120,1,1,21.46,419
2102,2024-03-12,108,6,1,6.81,437
2103,2024-01-09,97,2,4,53.92,374
2104,2024-04-11,88,6,9,36.63,467
2105,2024-01-17,124,1,2,17.22,382
2106,2024-04-19,10,4,3,48.48,475
2107,2024-01-26,32,4,3,56.16,391
2108,2024-02-21,94,2,1,20.62,417
2109,2024-04-05,103,1,9,59.67,461
2110,2024-05-07,6,6,2,21.86,493
2111,2024-02-12,48,3,1,9.64,408
2112,2024-03-02,6,3,1,10.93,427
2113,2024-01-21,127,4,5,55.50,386
2114,2024-05-12,46,1,9,56.97,498
2115,2024-04-28,4,3,3,10.86,484
2116,2024-02-12,99,2,6,78.96,408
2117,2024-01-23,141,1,9,193.50,388
2118,2024-02-17,15,3,2,11.78,413
2119,2024-02-10,50,6,6,36.66,406
2120,2024-03-19,87,1,3,53.79,444
2121,2024-03-26,81,3,3,19.08,451
2122,2024-01-03,69,4,2,28.36,368
2123,2024-04-11,114,6,5,16.60,467
2124,2024-03-24,124,4,1,8.61,449
2125,2024-01-08,24,4,3,8.88,373
2126,2024-04-24,30,5,3,38.40,480
2127,2024-04-05,127,1,9,99.90,461
2128,2024-03-27,100,2,8,173.04,452
2129,2024-05-07,53,4,6,75.72,493
2130,2024-03-01,7,5,2,24.66,426
2131,2024-03-01,108,2,2,13.62,426
2132,2024-03-02,87,4,1,17.93,427
2133,2024-05-01,104,5,5,41.05,487
2134,2024-01-08,17,5,2,18.78,373
2135,2024-01-03,57,3,9,192.96,368
2136,2024-04-27,149,3,7,52.92,483
2137,2024-04-01,99,5,1,13.16,457
2138,2024-01-23,10,3,6,96.96,388
2139,2024-04-04,122,4,5,28.90,460
2140,2024-04-06,99,1,1,13.16,462
2141,2024-02-11,8,6,6,141.24,407
2142,2024-02-16,66,4,2,6.02,412
2143,2024-02-03,94,3,4,82.48,399
2144,2024-03-29,86,2,4,87.60,454
2145,2024-03-31,26,4,9,69.48,456
2146,2024-03-08,49,3,2,7.36,433
2147,2024-03-21,103,2,9,59.67,446
2148,2024-04-26,79,6,9,79.92,482
2149,2024-04-17,27,5,7,160.37,473
2150,2024-03-29,94,3,8,164.96,454
2151,2024-03-13,33,3,2,21.82,438
2152,2024-03-13,36,1,8,29.68,438
2153,2024-01-22,1,2,3,40.77,387
2154,2024-02-07,41,1,1,3.80,403
2155,2024-05-14,98,5,7,163.66,500
2156,2024-04-21,26,2,5,38.60,477
2157,2024-03-20,123,1,4,61.20,445
2158,2024-05-08,26,5,9,69.48,494
2159,2024-03-11,114,2,4,13.28,436
2160,2024-04-28,113,5,2,46.80,484
2161,2024-01-01,126,3,8,41.20,366
2162,2024-03-08,8,3,7,164.78,433
2163,2024-02-26,107,2,6,65.94,422
2164,2024-01-21,48,3,3,28.92,386
2165,2024-04-04,120,3,4,85.84,460
2166,2024-04-02,120,3,5,107.30,458
2167,2024-01-05,87,5,3,53.79,370
2168,2024-02-04,141,2,7,150.50,400
2169,2024-01-02,130,1,1,7.13,367
2170,2024-02-28,49,2,4,14.72,424
2171,2024-01-17,81,5,4,25.44,382
2172,2024-05-02,141,2,6,129.00,488
2173,2024-04-08,48,2,1,9.64,464
2174,2024-02-03,49,4,2,7.36,399
2175,2024-02-06,16,2,2,23.50,402
2176,2024-04-28,113,4,6,140.40,484
2177,2024-05-14,136,1,5,40.10,500
2178,2024-01-22,77,3,2,24.38,387
2179,2024-01-20,135,2,8,63.84,385
2180,2024-03-18,125,4,5,29.00,443
2181,2024-03-17,149,1,3,22.68,442
2182,2024-04-16,59,1,7,87.01,472
2183,2024-02-11,93,3,8,106.64,407
2184,2024-01-29,49,5,5,18.40,394
2185,2024-04-07,97,1,1,13.48,463
2186,2024-05-11,124,4,3,25.83,497
2187,2024-03-07,53,5,5,63.10,432
2188,2024-02-27,112,1,3,44.52,423
2189,2024-04-15,78,2,4,59.56,471
2190,2024-05-06,8,2,6,141.24,492
2191,2024-03-24,97,5,8,107.84,449
2192,2024-01-26,35,6,8,135.28,391
2193,2024-03-15,10,3,8,129.28,440
2194,2024-03-19,89,4,5,50.95,444
2195,2024-02-21,10,3,7,113.12,417
2196,2024-01-21,63,6,2,20.36,386
2197,2024-04-19,147,4,9,51.21,475
2198,2024-01-29,132,3,8,60.48,394
2199,2024-03-20,14,3,6,71.64,445
2200,2024-02-17,80,5,6,21.84,413
